vrt_id;vrt_qt;vrt_1;vrt_2;vrt_3;vrt_4;vrt_5
1;15;0;0;5;5;5
2;15;0;1;4;5;5
3;15;0;1;5;4;5
4;15;0;1;5;5;4
5;16;0;1;5;5;5
6;15;0;2;3;5;5
7;15;0;2;4;4;5
8;15;0;2;4;5;4
9;16;0;2;4;5;5
10;15;0;2;5;3;5
11;15;0;2;5;4;4
12;16;0;2;5;4;5
13;15;0;2;5;5;3
14;16;0;2;5;5;4
15;17;0;2;5;5;5
16;15;0;3;2;5;5
17;15;0;3;3;4;5
18;15;0;3;3;5;4
19;16;0;3;3;5;5
20;15;0;3;4;3;5
21;15;0;3;4;4;4
22;16;0;3;4;4;5
23;15;0;3;4;5;3
24;16;0;3;4;5;4
25;17;0;3;4;5;5
26;15;0;3;5;2;5
27;15;0;3;5;3;4
28;16;0;3;5;3;5
29;15;0;3;5;4;3
30;16;0;3;5;4;4
31;17;0;3;5;4;5
32;15;0;3;5;5;2
33;16;0;3;5;5;3
34;17;0;3;5;5;4
35;18;0;3;5;5;5
36;15;0;4;1;5;5
37;15;0;4;2;4;5
38;15;0;4;2;5;4
39;16;0;4;2;5;5
40;15;0;4;3;3;5
41;15;0;4;3;4;4
42;16;0;4;3;4;5
43;15;0;4;3;5;3
44;16;0;4;3;5;4
45;17;0;4;3;5;5
46;15;0;4;4;2;5
47;15;0;4;4;3;4
48;16;0;4;4;3;5
49;15;0;4;4;4;3
50;16;0;4;4;4;4
51;17;0;4;4;4;5
52;15;0;4;4;5;2
53;16;0;4;4;5;3
54;17;0;4;4;5;4
55;18;0;4;4;5;5
56;15;0;4;5;1;5
57;15;0;4;5;2;4
58;16;0;4;5;2;5
59;15;0;4;5;3;3
60;16;0;4;5;3;4
61;17;0;4;5;3;5
62;15;0;4;5;4;2
63;16;0;4;5;4;3
64;17;0;4;5;4;4
65;18;0;4;5;4;5
66;15;0;4;5;5;1
67;16;0;4;5;5;2
68;17;0;4;5;5;3
69;18;0;4;5;5;4
70;15;0;5;0;5;5
71;15;0;5;1;4;5
72;15;0;5;1;5;4
73;16;0;5;1;5;5
74;15;0;5;2;3;5
75;15;0;5;2;4;4
76;16;0;5;2;4;5
77;15;0;5;2;5;3
78;16;0;5;2;5;4
79;17;0;5;2;5;5
80;15;0;5;3;2;5
81;15;0;5;3;3;4
82;16;0;5;3;3;5
83;15;0;5;3;4;3
84;16;0;5;3;4;4
85;17;0;5;3;4;5
86;15;0;5;3;5;2
87;16;0;5;3;5;3
88;17;0;5;3;5;4
89;18;0;5;3;5;5
90;15;0;5;4;1;5
91;15;0;5;4;2;4
92;16;0;5;4;2;5
93;15;0;5;4;3;3
94;16;0;5;4;3;4
95;17;0;5;4;3;5
96;15;0;5;4;4;2
97;16;0;5;4;4;3
98;17;0;5;4;4;4
99;18;0;5;4;4;5
100;15;0;5;4;5;1
101;16;0;5;4;5;2
102;17;0;5;4;5;3
103;18;0;5;4;5;4
104;15;0;5;5;0;5
105;15;0;5;5;1;4
106;16;0;5;5;1;5
107;15;0;5;5;2;3
108;16;0;5;5;2;4
109;17;0;5;5;2;5
110;15;0;5;5;3;2
111;16;0;5;5;3;3
112;17;0;5;5;3;4
113;18;0;5;5;3;5
114;15;0;5;5;4;1
115;16;0;5;5;4;2
116;17;0;5;5;4;3
117;18;0;5;5;4;4
118;15;0;5;5;5;0
119;16;0;5;5;5;1
120;17;0;5;5;5;2
121;18;0;5;5;5;3
122;15;1;0;4;5;5
123;15;1;0;5;4;5
124;15;1;0;5;5;4
125;16;1;0;5;5;5
126;15;1;1;3;5;5
127;15;1;1;4;4;5
128;15;1;1;4;5;4
129;16;1;1;4;5;5
130;15;1;1;5;3;5
131;15;1;1;5;4;4
132;16;1;1;5;4;5
133;15;1;1;5;5;3
134;16;1;1;5;5;4
135;17;1;1;5;5;5
136;15;1;2;2;5;5
137;15;1;2;3;4;5
138;15;1;2;3;5;4
139;16;1;2;3;5;5
140;15;1;2;4;3;5
141;15;1;2;4;4;4
142;16;1;2;4;4;5
143;15;1;2;4;5;3
144;16;1;2;4;5;4
145;17;1;2;4;5;5
146;15;1;2;5;2;5
147;15;1;2;5;3;4
148;16;1;2;5;3;5
149;15;1;2;5;4;3
150;16;1;2;5;4;4
151;17;1;2;5;4;5
152;15;1;2;5;5;2
153;16;1;2;5;5;3
154;17;1;2;5;5;4
155;18;1;2;5;5;5
156;15;1;3;1;5;5
157;15;1;3;2;4;5
158;15;1;3;2;5;4
159;16;1;3;2;5;5
160;15;1;3;3;3;5
161;15;1;3;3;4;4
162;16;1;3;3;4;5
163;15;1;3;3;5;3
164;16;1;3;3;5;4
165;17;1;3;3;5;5
166;15;1;3;4;2;5
167;15;1;3;4;3;4
168;16;1;3;4;3;5
169;15;1;3;4;4;3
170;16;1;3;4;4;4
171;17;1;3;4;4;5
172;15;1;3;4;5;2
173;16;1;3;4;5;3
174;17;1;3;4;5;4
175;18;1;3;4;5;5
176;15;1;3;5;1;5
177;15;1;3;5;2;4
178;16;1;3;5;2;5
179;15;1;3;5;3;3
180;16;1;3;5;3;4
181;17;1;3;5;3;5
182;15;1;3;5;4;2
183;16;1;3;5;4;3
184;17;1;3;5;4;4
185;18;1;3;5;4;5
186;15;1;3;5;5;1
187;16;1;3;5;5;2
188;17;1;3;5;5;3
189;18;1;3;5;5;4
190;15;1;4;0;5;5
191;15;1;4;1;4;5
192;15;1;4;1;5;4
193;16;1;4;1;5;5
194;15;1;4;2;3;5
195;15;1;4;2;4;4
196;16;1;4;2;4;5
197;15;1;4;2;5;3
198;16;1;4;2;5;4
199;17;1;4;2;5;5
200;15;1;4;3;2;5
201;15;1;4;3;3;4
202;16;1;4;3;3;5
203;15;1;4;3;4;3
204;16;1;4;3;4;4
205;17;1;4;3;4;5
206;15;1;4;3;5;2
207;16;1;4;3;5;3
208;17;1;4;3;5;4
209;18;1;4;3;5;5
210;15;1;4;4;1;5
211;15;1;4;4;2;4
212;16;1;4;4;2;5
213;15;1;4;4;3;3
214;16;1;4;4;3;4
215;17;1;4;4;3;5
216;15;1;4;4;4;2
217;16;1;4;4;4;3
218;17;1;4;4;4;4
219;18;1;4;4;4;5
220;15;1;4;4;5;1
221;16;1;4;4;5;2
222;17;1;4;4;5;3
223;18;1;4;4;5;4
224;15;1;4;5;0;5
225;15;1;4;5;1;4
226;16;1;4;5;1;5
227;15;1;4;5;2;3
228;16;1;4;5;2;4
229;17;1;4;5;2;5
230;15;1;4;5;3;2
231;16;1;4;5;3;3
232;17;1;4;5;3;4
233;18;1;4;5;3;5
234;15;1;4;5;4;1
235;16;1;4;5;4;2
236;17;1;4;5;4;3
237;18;1;4;5;4;4
238;15;1;4;5;5;0
239;16;1;4;5;5;1
240;17;1;4;5;5;2
241;18;1;4;5;5;3
242;15;1;5;0;4;5
243;15;1;5;0;5;4
244;16;1;5;0;5;5
245;15;1;5;1;3;5
246;15;1;5;1;4;4
247;16;1;5;1;4;5
248;15;1;5;1;5;3
249;16;1;5;1;5;4
250;17;1;5;1;5;5
251;15;1;5;2;2;5
252;15;1;5;2;3;4
253;16;1;5;2;3;5
254;15;1;5;2;4;3
255;16;1;5;2;4;4
256;17;1;5;2;4;5
257;15;1;5;2;5;2
258;16;1;5;2;5;3
259;17;1;5;2;5;4
260;18;1;5;2;5;5
261;15;1;5;3;1;5
262;15;1;5;3;2;4
263;16;1;5;3;2;5
264;15;1;5;3;3;3
265;16;1;5;3;3;4
266;17;1;5;3;3;5
267;15;1;5;3;4;2
268;16;1;5;3;4;3
269;17;1;5;3;4;4
270;18;1;5;3;4;5
271;15;1;5;3;5;1
272;16;1;5;3;5;2
273;17;1;5;3;5;3
274;18;1;5;3;5;4
275;15;1;5;4;0;5
276;15;1;5;4;1;4
277;16;1;5;4;1;5
278;15;1;5;4;2;3
279;16;1;5;4;2;4
280;17;1;5;4;2;5
281;15;1;5;4;3;2
282;16;1;5;4;3;3
283;17;1;5;4;3;4
284;18;1;5;4;3;5
285;15;1;5;4;4;1
286;16;1;5;4;4;2
287;17;1;5;4;4;3
288;18;1;5;4;4;4
289;15;1;5;4;5;0
290;16;1;5;4;5;1
291;17;1;5;4;5;2
292;18;1;5;4;5;3
293;15;1;5;5;0;4
294;16;1;5;5;0;5
295;15;1;5;5;1;3
296;16;1;5;5;1;4
297;17;1;5;5;1;5
298;15;1;5;5;2;2
299;16;1;5;5;2;3
300;17;1;5;5;2;4
301;18;1;5;5;2;5
302;15;1;5;5;3;1
303;16;1;5;5;3;2
304;17;1;5;5;3;3
305;18;1;5;5;3;4
306;15;1;5;5;4;0
307;16;1;5;5;4;1
308;17;1;5;5;4;2
309;18;1;5;5;4;3
310;16;1;5;5;5;0
311;17;1;5;5;5;1
312;18;1;5;5;5;2
313;15;2;0;3;5;5
314;15;2;0;4;4;5
315;15;2;0;4;5;4
316;16;2;0;4;5;5
317;15;2;0;5;3;5
318;15;2;0;5;4;4
319;16;2;0;5;4;5
320;15;2;0;5;5;3
321;16;2;0;5;5;4
322;17;2;0;5;5;5
323;15;2;1;2;5;5
324;15;2;1;3;4;5
325;15;2;1;3;5;4
326;16;2;1;3;5;5
327;15;2;1;4;3;5
328;15;2;1;4;4;4
329;16;2;1;4;4;5
330;15;2;1;4;5;3
331;16;2;1;4;5;4
332;17;2;1;4;5;5
333;15;2;1;5;2;5
334;15;2;1;5;3;4
335;16;2;1;5;3;5
336;15;2;1;5;4;3
337;16;2;1;5;4;4
338;17;2;1;5;4;5
339;15;2;1;5;5;2
340;16;2;1;5;5;3
341;17;2;1;5;5;4
342;18;2;1;5;5;5
343;15;2;2;1;5;5
344;15;2;2;2;4;5
345;15;2;2;2;5;4
346;16;2;2;2;5;5
347;15;2;2;3;3;5
348;15;2;2;3;4;4
349;16;2;2;3;4;5
350;15;2;2;3;5;3
351;16;2;2;3;5;4
352;17;2;2;3;5;5
353;15;2;2;4;2;5
354;15;2;2;4;3;4
355;16;2;2;4;3;5
356;15;2;2;4;4;3
357;16;2;2;4;4;4
358;17;2;2;4;4;5
359;15;2;2;4;5;2
360;16;2;2;4;5;3
361;17;2;2;4;5;4
362;18;2;2;4;5;5
363;15;2;2;5;1;5
364;15;2;2;5;2;4
365;16;2;2;5;2;5
366;15;2;2;5;3;3
367;16;2;2;5;3;4
368;17;2;2;5;3;5
369;15;2;2;5;4;2
370;16;2;2;5;4;3
371;17;2;2;5;4;4
372;18;2;2;5;4;5
373;15;2;2;5;5;1
374;16;2;2;5;5;2
375;17;2;2;5;5;3
376;18;2;2;5;5;4
377;15;2;3;0;5;5
378;15;2;3;1;4;5
379;15;2;3;1;5;4
380;16;2;3;1;5;5
381;15;2;3;2;3;5
382;15;2;3;2;4;4
383;16;2;3;2;4;5
384;15;2;3;2;5;3
385;16;2;3;2;5;4
386;17;2;3;2;5;5
387;15;2;3;3;2;5
388;15;2;3;3;3;4
389;16;2;3;3;3;5
390;15;2;3;3;4;3
391;16;2;3;3;4;4
392;17;2;3;3;4;5
393;15;2;3;3;5;2
394;16;2;3;3;5;3
395;17;2;3;3;5;4
396;18;2;3;3;5;5
397;15;2;3;4;1;5
398;15;2;3;4;2;4
399;16;2;3;4;2;5
400;15;2;3;4;3;3
401;16;2;3;4;3;4
402;17;2;3;4;3;5
403;15;2;3;4;4;2
404;16;2;3;4;4;3
405;17;2;3;4;4;4
406;18;2;3;4;4;5
407;15;2;3;4;5;1
408;16;2;3;4;5;2
409;17;2;3;4;5;3
410;18;2;3;4;5;4
411;15;2;3;5;0;5
412;15;2;3;5;1;4
413;16;2;3;5;1;5
414;15;2;3;5;2;3
415;16;2;3;5;2;4
416;17;2;3;5;2;5
417;15;2;3;5;3;2
418;16;2;3;5;3;3
419;17;2;3;5;3;4
420;18;2;3;5;3;5
421;15;2;3;5;4;1
422;16;2;3;5;4;2
423;17;2;3;5;4;3
424;18;2;3;5;4;4
425;15;2;3;5;5;0
426;16;2;3;5;5;1
427;17;2;3;5;5;2
428;18;2;3;5;5;3
429;15;2;4;0;4;5
430;15;2;4;0;5;4
431;16;2;4;0;5;5
432;15;2;4;1;3;5
433;15;2;4;1;4;4
434;16;2;4;1;4;5
435;15;2;4;1;5;3
436;16;2;4;1;5;4
437;17;2;4;1;5;5
438;15;2;4;2;2;5
439;15;2;4;2;3;4
440;16;2;4;2;3;5
441;15;2;4;2;4;3
442;16;2;4;2;4;4
443;17;2;4;2;4;5
444;15;2;4;2;5;2
445;16;2;4;2;5;3
446;17;2;4;2;5;4
447;18;2;4;2;5;5
448;15;2;4;3;1;5
449;15;2;4;3;2;4
450;16;2;4;3;2;5
451;15;2;4;3;3;3
452;16;2;4;3;3;4
453;17;2;4;3;3;5
454;15;2;4;3;4;2
455;16;2;4;3;4;3
456;17;2;4;3;4;4
457;18;2;4;3;4;5
458;15;2;4;3;5;1
459;16;2;4;3;5;2
460;17;2;4;3;5;3
461;18;2;4;3;5;4
462;15;2;4;4;0;5
463;15;2;4;4;1;4
464;16;2;4;4;1;5
465;15;2;4;4;2;3
466;16;2;4;4;2;4
467;17;2;4;4;2;5
468;15;2;4;4;3;2
469;16;2;4;4;3;3
470;17;2;4;4;3;4
471;18;2;4;4;3;5
472;15;2;4;4;4;1
473;16;2;4;4;4;2
474;17;2;4;4;4;3
475;18;2;4;4;4;4
476;15;2;4;4;5;0
477;16;2;4;4;5;1
478;17;2;4;4;5;2
479;18;2;4;4;5;3
480;15;2;4;5;0;4
481;16;2;4;5;0;5
482;15;2;4;5;1;3
483;16;2;4;5;1;4
484;17;2;4;5;1;5
485;15;2;4;5;2;2
486;16;2;4;5;2;3
487;17;2;4;5;2;4
488;18;2;4;5;2;5
489;15;2;4;5;3;1
490;16;2;4;5;3;2
491;17;2;4;5;3;3
492;18;2;4;5;3;4
493;15;2;4;5;4;0
494;16;2;4;5;4;1
495;17;2;4;5;4;2
496;18;2;4;5;4;3
497;16;2;4;5;5;0
498;17;2;4;5;5;1
499;18;2;4;5;5;2
500;15;2;5;0;3;5
501;15;2;5;0;4;4
502;16;2;5;0;4;5
503;15;2;5;0;5;3
504;16;2;5;0;5;4
505;17;2;5;0;5;5
506;15;2;5;1;2;5
507;15;2;5;1;3;4
508;16;2;5;1;3;5
509;15;2;5;1;4;3
510;16;2;5;1;4;4
511;17;2;5;1;4;5
512;15;2;5;1;5;2
513;16;2;5;1;5;3
514;17;2;5;1;5;4
515;18;2;5;1;5;5
516;15;2;5;2;1;5
517;15;2;5;2;2;4
518;16;2;5;2;2;5
519;15;2;5;2;3;3
520;16;2;5;2;3;4
521;17;2;5;2;3;5
522;15;2;5;2;4;2
523;16;2;5;2;4;3
524;17;2;5;2;4;4
525;18;2;5;2;4;5
526;15;2;5;2;5;1
527;16;2;5;2;5;2
528;17;2;5;2;5;3
529;18;2;5;2;5;4
530;15;2;5;3;0;5
531;15;2;5;3;1;4
532;16;2;5;3;1;5
533;15;2;5;3;2;3
534;16;2;5;3;2;4
535;17;2;5;3;2;5
536;15;2;5;3;3;2
537;16;2;5;3;3;3
538;17;2;5;3;3;4
539;18;2;5;3;3;5
540;15;2;5;3;4;1
541;16;2;5;3;4;2
542;17;2;5;3;4;3
543;18;2;5;3;4;4
544;15;2;5;3;5;0
545;16;2;5;3;5;1
546;17;2;5;3;5;2
547;18;2;5;3;5;3
548;15;2;5;4;0;4
549;16;2;5;4;0;5
550;15;2;5;4;1;3
551;16;2;5;4;1;4
552;17;2;5;4;1;5
553;15;2;5;4;2;2
554;16;2;5;4;2;3
555;17;2;5;4;2;4
556;18;2;5;4;2;5
557;15;2;5;4;3;1
558;16;2;5;4;3;2
559;17;2;5;4;3;3
560;18;2;5;4;3;4
561;15;2;5;4;4;0
562;16;2;5;4;4;1
563;17;2;5;4;4;2
564;18;2;5;4;4;3
565;16;2;5;4;5;0
566;17;2;5;4;5;1
567;18;2;5;4;5;2
568;15;2;5;5;0;3
569;16;2;5;5;0;4
570;17;2;5;5;0;5
571;15;2;5;5;1;2
572;16;2;5;5;1;3
573;17;2;5;5;1;4
574;18;2;5;5;1;5
575;15;2;5;5;2;1
576;16;2;5;5;2;2
577;17;2;5;5;2;3
578;18;2;5;5;2;4
579;15;2;5;5;3;0
580;16;2;5;5;3;1
581;17;2;5;5;3;2
582;18;2;5;5;3;3
583;16;2;5;5;4;0
584;17;2;5;5;4;1
585;18;2;5;5;4;2
586;17;2;5;5;5;0
587;18;2;5;5;5;1
588;15;3;0;2;5;5
589;15;3;0;3;4;5
590;15;3;0;3;5;4
591;16;3;0;3;5;5
592;15;3;0;4;3;5
593;15;3;0;4;4;4
594;16;3;0;4;4;5
595;15;3;0;4;5;3
596;16;3;0;4;5;4
597;17;3;0;4;5;5
598;15;3;0;5;2;5
599;15;3;0;5;3;4
600;16;3;0;5;3;5
601;15;3;0;5;4;3
602;16;3;0;5;4;4
603;17;3;0;5;4;5
604;15;3;0;5;5;2
605;16;3;0;5;5;3
606;17;3;0;5;5;4
607;18;3;0;5;5;5
608;15;3;1;1;5;5
609;15;3;1;2;4;5
610;15;3;1;2;5;4
611;16;3;1;2;5;5
612;15;3;1;3;3;5
613;15;3;1;3;4;4
614;16;3;1;3;4;5
615;15;3;1;3;5;3
616;16;3;1;3;5;4
617;17;3;1;3;5;5
618;15;3;1;4;2;5
619;15;3;1;4;3;4
620;16;3;1;4;3;5
621;15;3;1;4;4;3
622;16;3;1;4;4;4
623;17;3;1;4;4;5
624;15;3;1;4;5;2
625;16;3;1;4;5;3
626;17;3;1;4;5;4
627;18;3;1;4;5;5
628;15;3;1;5;1;5
629;15;3;1;5;2;4
630;16;3;1;5;2;5
631;15;3;1;5;3;3
632;16;3;1;5;3;4
633;17;3;1;5;3;5
634;15;3;1;5;4;2
635;16;3;1;5;4;3
636;17;3;1;5;4;4
637;18;3;1;5;4;5
638;15;3;1;5;5;1
639;16;3;1;5;5;2
640;17;3;1;5;5;3
641;18;3;1;5;5;4
642;15;3;2;0;5;5
643;15;3;2;1;4;5
644;15;3;2;1;5;4
645;16;3;2;1;5;5
646;15;3;2;2;3;5
647;15;3;2;2;4;4
648;16;3;2;2;4;5
649;15;3;2;2;5;3
650;16;3;2;2;5;4
651;17;3;2;2;5;5
652;15;3;2;3;2;5
653;15;3;2;3;3;4
654;16;3;2;3;3;5
655;15;3;2;3;4;3
656;16;3;2;3;4;4
657;17;3;2;3;4;5
658;15;3;2;3;5;2
659;16;3;2;3;5;3
660;17;3;2;3;5;4
661;18;3;2;3;5;5
662;15;3;2;4;1;5
663;15;3;2;4;2;4
664;16;3;2;4;2;5
665;15;3;2;4;3;3
666;16;3;2;4;3;4
667;17;3;2;4;3;5
668;15;3;2;4;4;2
669;16;3;2;4;4;3
670;17;3;2;4;4;4
671;18;3;2;4;4;5
672;15;3;2;4;5;1
673;16;3;2;4;5;2
674;17;3;2;4;5;3
675;18;3;2;4;5;4
676;15;3;2;5;0;5
677;15;3;2;5;1;4
678;16;3;2;5;1;5
679;15;3;2;5;2;3
680;16;3;2;5;2;4
681;17;3;2;5;2;5
682;15;3;2;5;3;2
683;16;3;2;5;3;3
684;17;3;2;5;3;4
685;18;3;2;5;3;5
686;15;3;2;5;4;1
687;16;3;2;5;4;2
688;17;3;2;5;4;3
689;18;3;2;5;4;4
690;15;3;2;5;5;0
691;16;3;2;5;5;1
692;17;3;2;5;5;2
693;18;3;2;5;5;3
694;15;3;3;0;4;5
695;15;3;3;0;5;4
696;16;3;3;0;5;5
697;15;3;3;1;3;5
698;15;3;3;1;4;4
699;16;3;3;1;4;5
700;15;3;3;1;5;3
701;16;3;3;1;5;4
702;17;3;3;1;5;5
703;15;3;3;2;2;5
704;15;3;3;2;3;4
705;16;3;3;2;3;5
706;15;3;3;2;4;3
707;16;3;3;2;4;4
708;17;3;3;2;4;5
709;15;3;3;2;5;2
710;16;3;3;2;5;3
711;17;3;3;2;5;4
712;18;3;3;2;5;5
713;15;3;3;3;1;5
714;15;3;3;3;2;4
715;16;3;3;3;2;5
716;15;3;3;3;3;3
717;16;3;3;3;3;4
718;17;3;3;3;3;5
719;15;3;3;3;4;2
720;16;3;3;3;4;3
721;17;3;3;3;4;4
722;18;3;3;3;4;5
723;15;3;3;3;5;1
724;16;3;3;3;5;2
725;17;3;3;3;5;3
726;18;3;3;3;5;4
727;15;3;3;4;0;5
728;15;3;3;4;1;4
729;16;3;3;4;1;5
730;15;3;3;4;2;3
731;16;3;3;4;2;4
732;17;3;3;4;2;5
733;15;3;3;4;3;2
734;16;3;3;4;3;3
735;17;3;3;4;3;4
736;18;3;3;4;3;5
737;15;3;3;4;4;1
738;16;3;3;4;4;2
739;17;3;3;4;4;3
740;18;3;3;4;4;4
741;15;3;3;4;5;0
742;16;3;3;4;5;1
743;17;3;3;4;5;2
744;18;3;3;4;5;3
745;15;3;3;5;0;4
746;16;3;3;5;0;5
747;15;3;3;5;1;3
748;16;3;3;5;1;4
749;17;3;3;5;1;5
750;15;3;3;5;2;2
751;16;3;3;5;2;3
752;17;3;3;5;2;4
753;18;3;3;5;2;5
754;15;3;3;5;3;1
755;16;3;3;5;3;2
756;17;3;3;5;3;3
757;18;3;3;5;3;4
758;15;3;3;5;4;0
759;16;3;3;5;4;1
760;17;3;3;5;4;2
761;18;3;3;5;4;3
762;16;3;3;5;5;0
763;17;3;3;5;5;1
764;18;3;3;5;5;2
765;15;3;4;0;3;5
766;15;3;4;0;4;4
767;16;3;4;0;4;5
768;15;3;4;0;5;3
769;16;3;4;0;5;4
770;17;3;4;0;5;5
771;15;3;4;1;2;5
772;15;3;4;1;3;4
773;16;3;4;1;3;5
774;15;3;4;1;4;3
775;16;3;4;1;4;4
776;17;3;4;1;4;5
777;15;3;4;1;5;2
778;16;3;4;1;5;3
779;17;3;4;1;5;4
780;18;3;4;1;5;5
781;15;3;4;2;1;5
782;15;3;4;2;2;4
783;16;3;4;2;2;5
784;15;3;4;2;3;3
785;16;3;4;2;3;4
786;17;3;4;2;3;5
787;15;3;4;2;4;2
788;16;3;4;2;4;3
789;17;3;4;2;4;4
790;18;3;4;2;4;5
791;15;3;4;2;5;1
792;16;3;4;2;5;2
793;17;3;4;2;5;3
794;18;3;4;2;5;4
795;15;3;4;3;0;5
796;15;3;4;3;1;4
797;16;3;4;3;1;5
798;15;3;4;3;2;3
799;16;3;4;3;2;4
800;17;3;4;3;2;5
801;15;3;4;3;3;2
802;16;3;4;3;3;3
803;17;3;4;3;3;4
804;18;3;4;3;3;5
805;15;3;4;3;4;1
806;16;3;4;3;4;2
807;17;3;4;3;4;3
808;18;3;4;3;4;4
809;15;3;4;3;5;0
810;16;3;4;3;5;1
811;17;3;4;3;5;2
812;18;3;4;3;5;3
813;15;3;4;4;0;4
814;16;3;4;4;0;5
815;15;3;4;4;1;3
816;16;3;4;4;1;4
817;17;3;4;4;1;5
818;15;3;4;4;2;2
819;16;3;4;4;2;3
820;17;3;4;4;2;4
821;18;3;4;4;2;5
822;15;3;4;4;3;1
823;16;3;4;4;3;2
824;17;3;4;4;3;3
825;18;3;4;4;3;4
826;15;3;4;4;4;0
827;16;3;4;4;4;1
828;17;3;4;4;4;2
829;18;3;4;4;4;3
830;16;3;4;4;5;0
831;17;3;4;4;5;1
832;18;3;4;4;5;2
833;15;3;4;5;0;3
834;16;3;4;5;0;4
835;17;3;4;5;0;5
836;15;3;4;5;1;2
837;16;3;4;5;1;3
838;17;3;4;5;1;4
839;18;3;4;5;1;5
840;15;3;4;5;2;1
841;16;3;4;5;2;2
842;17;3;4;5;2;3
843;18;3;4;5;2;4
844;15;3;4;5;3;0
845;16;3;4;5;3;1
846;17;3;4;5;3;2
847;18;3;4;5;3;3
848;16;3;4;5;4;0
849;17;3;4;5;4;1
850;18;3;4;5;4;2
851;17;3;4;5;5;0
852;18;3;4;5;5;1
853;15;3;5;0;2;5
854;15;3;5;0;3;4
855;16;3;5;0;3;5
856;15;3;5;0;4;3
857;16;3;5;0;4;4
858;17;3;5;0;4;5
859;15;3;5;0;5;2
860;16;3;5;0;5;3
861;17;3;5;0;5;4
862;18;3;5;0;5;5
863;15;3;5;1;1;5
864;15;3;5;1;2;4
865;16;3;5;1;2;5
866;15;3;5;1;3;3
867;16;3;5;1;3;4
868;17;3;5;1;3;5
869;15;3;5;1;4;2
870;16;3;5;1;4;3
871;17;3;5;1;4;4
872;18;3;5;1;4;5
873;15;3;5;1;5;1
874;16;3;5;1;5;2
875;17;3;5;1;5;3
876;18;3;5;1;5;4
877;15;3;5;2;0;5
878;15;3;5;2;1;4
879;16;3;5;2;1;5
880;15;3;5;2;2;3
881;16;3;5;2;2;4
882;17;3;5;2;2;5
883;15;3;5;2;3;2
884;16;3;5;2;3;3
885;17;3;5;2;3;4
886;18;3;5;2;3;5
887;15;3;5;2;4;1
888;16;3;5;2;4;2
889;17;3;5;2;4;3
890;18;3;5;2;4;4
891;15;3;5;2;5;0
892;16;3;5;2;5;1
893;17;3;5;2;5;2
894;18;3;5;2;5;3
895;15;3;5;3;0;4
896;16;3;5;3;0;5
897;15;3;5;3;1;3
898;16;3;5;3;1;4
899;17;3;5;3;1;5
900;15;3;5;3;2;2
901;16;3;5;3;2;3
902;17;3;5;3;2;4
903;18;3;5;3;2;5
904;15;3;5;3;3;1
905;16;3;5;3;3;2
906;17;3;5;3;3;3
907;18;3;5;3;3;4
908;15;3;5;3;4;0
909;16;3;5;3;4;1
910;17;3;5;3;4;2
911;18;3;5;3;4;3
912;16;3;5;3;5;0
913;17;3;5;3;5;1
914;18;3;5;3;5;2
915;15;3;5;4;0;3
916;16;3;5;4;0;4
917;17;3;5;4;0;5
918;15;3;5;4;1;2
919;16;3;5;4;1;3
920;17;3;5;4;1;4
921;18;3;5;4;1;5
922;15;3;5;4;2;1
923;16;3;5;4;2;2
924;17;3;5;4;2;3
925;18;3;5;4;2;4
926;15;3;5;4;3;0
927;16;3;5;4;3;1
928;17;3;5;4;3;2
929;18;3;5;4;3;3
930;16;3;5;4;4;0
931;17;3;5;4;4;1
932;18;3;5;4;4;2
933;17;3;5;4;5;0
934;18;3;5;4;5;1
935;15;3;5;5;0;2
936;16;3;5;5;0;3
937;17;3;5;5;0;4
938;18;3;5;5;0;5
939;15;3;5;5;1;1
940;16;3;5;5;1;2
941;17;3;5;5;1;3
942;18;3;5;5;1;4
943;15;3;5;5;2;0
944;16;3;5;5;2;1
945;17;3;5;5;2;2
946;18;3;5;5;2;3
947;16;3;5;5;3;0
948;17;3;5;5;3;1
949;18;3;5;5;3;2
950;17;3;5;5;4;0
951;18;3;5;5;4;1
952;18;3;5;5;5;0
953;15;4;0;1;5;5
954;15;4;0;2;4;5
955;15;4;0;2;5;4
956;16;4;0;2;5;5
957;15;4;0;3;3;5
958;15;4;0;3;4;4
959;16;4;0;3;4;5
960;15;4;0;3;5;3
961;16;4;0;3;5;4
962;17;4;0;3;5;5
963;15;4;0;4;2;5
964;15;4;0;4;3;4
965;16;4;0;4;3;5
966;15;4;0;4;4;3
967;16;4;0;4;4;4
968;17;4;0;4;4;5
969;15;4;0;4;5;2
970;16;4;0;4;5;3
971;17;4;0;4;5;4
972;18;4;0;4;5;5
973;15;4;0;5;1;5
974;15;4;0;5;2;4
975;16;4;0;5;2;5
976;15;4;0;5;3;3
977;16;4;0;5;3;4
978;17;4;0;5;3;5
979;15;4;0;5;4;2
980;16;4;0;5;4;3
981;17;4;0;5;4;4
982;18;4;0;5;4;5
983;15;4;0;5;5;1
984;16;4;0;5;5;2
985;17;4;0;5;5;3
986;18;4;0;5;5;4
987;15;4;1;0;5;5
988;15;4;1;1;4;5
989;15;4;1;1;5;4
990;16;4;1;1;5;5
991;15;4;1;2;3;5
992;15;4;1;2;4;4
993;16;4;1;2;4;5
994;15;4;1;2;5;3
995;16;4;1;2;5;4
996;17;4;1;2;5;5
997;15;4;1;3;2;5
998;15;4;1;3;3;4
999;16;4;1;3;3;5
1000;15;4;1;3;4;3
1001;16;4;1;3;4;4
1002;17;4;1;3;4;5
1003;15;4;1;3;5;2
1004;16;4;1;3;5;3
1005;17;4;1;3;5;4
1006;18;4;1;3;5;5
1007;15;4;1;4;1;5
1008;15;4;1;4;2;4
1009;16;4;1;4;2;5
1010;15;4;1;4;3;3
1011;16;4;1;4;3;4
1012;17;4;1;4;3;5
1013;15;4;1;4;4;2
1014;16;4;1;4;4;3
1015;17;4;1;4;4;4
1016;18;4;1;4;4;5
1017;15;4;1;4;5;1
1018;16;4;1;4;5;2
1019;17;4;1;4;5;3
1020;18;4;1;4;5;4
1021;15;4;1;5;0;5
1022;15;4;1;5;1;4
1023;16;4;1;5;1;5
1024;15;4;1;5;2;3
1025;16;4;1;5;2;4
1026;17;4;1;5;2;5
1027;15;4;1;5;3;2
1028;16;4;1;5;3;3
1029;17;4;1;5;3;4
1030;18;4;1;5;3;5
1031;15;4;1;5;4;1
1032;16;4;1;5;4;2
1033;17;4;1;5;4;3
1034;18;4;1;5;4;4
1035;15;4;1;5;5;0
1036;16;4;1;5;5;1
1037;17;4;1;5;5;2
1038;18;4;1;5;5;3
1039;15;4;2;0;4;5
1040;15;4;2;0;5;4
1041;16;4;2;0;5;5
1042;15;4;2;1;3;5
1043;15;4;2;1;4;4
1044;16;4;2;1;4;5
1045;15;4;2;1;5;3
1046;16;4;2;1;5;4
1047;17;4;2;1;5;5
1048;15;4;2;2;2;5
1049;15;4;2;2;3;4
1050;16;4;2;2;3;5
1051;15;4;2;2;4;3
1052;16;4;2;2;4;4
1053;17;4;2;2;4;5
1054;15;4;2;2;5;2
1055;16;4;2;2;5;3
1056;17;4;2;2;5;4
1057;18;4;2;2;5;5
1058;15;4;2;3;1;5
1059;15;4;2;3;2;4
1060;16;4;2;3;2;5
1061;15;4;2;3;3;3
1062;16;4;2;3;3;4
1063;17;4;2;3;3;5
1064;15;4;2;3;4;2
1065;16;4;2;3;4;3
1066;17;4;2;3;4;4
1067;18;4;2;3;4;5
1068;15;4;2;3;5;1
1069;16;4;2;3;5;2
1070;17;4;2;3;5;3
1071;18;4;2;3;5;4
1072;15;4;2;4;0;5
1073;15;4;2;4;1;4
1074;16;4;2;4;1;5
1075;15;4;2;4;2;3
1076;16;4;2;4;2;4
1077;17;4;2;4;2;5
1078;15;4;2;4;3;2
1079;16;4;2;4;3;3
1080;17;4;2;4;3;4
1081;18;4;2;4;3;5
1082;15;4;2;4;4;1
1083;16;4;2;4;4;2
1084;17;4;2;4;4;3
1085;18;4;2;4;4;4
1086;15;4;2;4;5;0
1087;16;4;2;4;5;1
1088;17;4;2;4;5;2
1089;18;4;2;4;5;3
1090;15;4;2;5;0;4
1091;16;4;2;5;0;5
1092;15;4;2;5;1;3
1093;16;4;2;5;1;4
1094;17;4;2;5;1;5
1095;15;4;2;5;2;2
1096;16;4;2;5;2;3
1097;17;4;2;5;2;4
1098;18;4;2;5;2;5
1099;15;4;2;5;3;1
1100;16;4;2;5;3;2
1101;17;4;2;5;3;3
1102;18;4;2;5;3;4
1103;15;4;2;5;4;0
1104;16;4;2;5;4;1
1105;17;4;2;5;4;2
1106;18;4;2;5;4;3
1107;16;4;2;5;5;0
1108;17;4;2;5;5;1
1109;18;4;2;5;5;2
1110;15;4;3;0;3;5
1111;15;4;3;0;4;4
1112;16;4;3;0;4;5
1113;15;4;3;0;5;3
1114;16;4;3;0;5;4
1115;17;4;3;0;5;5
1116;15;4;3;1;2;5
1117;15;4;3;1;3;4
1118;16;4;3;1;3;5
1119;15;4;3;1;4;3
1120;16;4;3;1;4;4
1121;17;4;3;1;4;5
1122;15;4;3;1;5;2
1123;16;4;3;1;5;3
1124;17;4;3;1;5;4
1125;18;4;3;1;5;5
1126;15;4;3;2;1;5
1127;15;4;3;2;2;4
1128;16;4;3;2;2;5
1129;15;4;3;2;3;3
1130;16;4;3;2;3;4
1131;17;4;3;2;3;5
1132;15;4;3;2;4;2
1133;16;4;3;2;4;3
1134;17;4;3;2;4;4
1135;18;4;3;2;4;5
1136;15;4;3;2;5;1
1137;16;4;3;2;5;2
1138;17;4;3;2;5;3
1139;18;4;3;2;5;4
1140;15;4;3;3;0;5
1141;15;4;3;3;1;4
1142;16;4;3;3;1;5
1143;15;4;3;3;2;3
1144;16;4;3;3;2;4
1145;17;4;3;3;2;5
1146;15;4;3;3;3;2
1147;16;4;3;3;3;3
1148;17;4;3;3;3;4
1149;18;4;3;3;3;5
1150;15;4;3;3;4;1
1151;16;4;3;3;4;2
1152;17;4;3;3;4;3
1153;18;4;3;3;4;4
1154;15;4;3;3;5;0
1155;16;4;3;3;5;1
1156;17;4;3;3;5;2
1157;18;4;3;3;5;3
1158;15;4;3;4;0;4
1159;16;4;3;4;0;5
1160;15;4;3;4;1;3
1161;16;4;3;4;1;4
1162;17;4;3;4;1;5
1163;15;4;3;4;2;2
1164;16;4;3;4;2;3
1165;17;4;3;4;2;4
1166;18;4;3;4;2;5
1167;15;4;3;4;3;1
1168;16;4;3;4;3;2
1169;17;4;3;4;3;3
1170;18;4;3;4;3;4
1171;15;4;3;4;4;0
1172;16;4;3;4;4;1
1173;17;4;3;4;4;2
1174;18;4;3;4;4;3
1175;16;4;3;4;5;0
1176;17;4;3;4;5;1
1177;18;4;3;4;5;2
1178;15;4;3;5;0;3
1179;16;4;3;5;0;4
1180;17;4;3;5;0;5
1181;15;4;3;5;1;2
1182;16;4;3;5;1;3
1183;17;4;3;5;1;4
1184;18;4;3;5;1;5
1185;15;4;3;5;2;1
1186;16;4;3;5;2;2
1187;17;4;3;5;2;3
1188;18;4;3;5;2;4
1189;15;4;3;5;3;0
1190;16;4;3;5;3;1
1191;17;4;3;5;3;2
1192;18;4;3;5;3;3
1193;16;4;3;5;4;0
1194;17;4;3;5;4;1
1195;18;4;3;5;4;2
1196;17;4;3;5;5;0
1197;18;4;3;5;5;1
1198;15;4;4;0;2;5
1199;15;4;4;0;3;4
1200;16;4;4;0;3;5
1201;15;4;4;0;4;3
1202;16;4;4;0;4;4
1203;17;4;4;0;4;5
1204;15;4;4;0;5;2
1205;16;4;4;0;5;3
1206;17;4;4;0;5;4
1207;18;4;4;0;5;5
1208;15;4;4;1;1;5
1209;15;4;4;1;2;4
1210;16;4;4;1;2;5
1211;15;4;4;1;3;3
1212;16;4;4;1;3;4
1213;17;4;4;1;3;5
1214;15;4;4;1;4;2
1215;16;4;4;1;4;3
1216;17;4;4;1;4;4
1217;18;4;4;1;4;5
1218;15;4;4;1;5;1
1219;16;4;4;1;5;2
1220;17;4;4;1;5;3
1221;18;4;4;1;5;4
1222;15;4;4;2;0;5
1223;15;4;4;2;1;4
1224;16;4;4;2;1;5
1225;15;4;4;2;2;3
1226;16;4;4;2;2;4
1227;17;4;4;2;2;5
1228;15;4;4;2;3;2
1229;16;4;4;2;3;3
1230;17;4;4;2;3;4
1231;18;4;4;2;3;5
1232;15;4;4;2;4;1
1233;16;4;4;2;4;2
1234;17;4;4;2;4;3
1235;18;4;4;2;4;4
1236;15;4;4;2;5;0
1237;16;4;4;2;5;1
1238;17;4;4;2;5;2
1239;18;4;4;2;5;3
1240;15;4;4;3;0;4
1241;16;4;4;3;0;5
1242;15;4;4;3;1;3
1243;16;4;4;3;1;4
1244;17;4;4;3;1;5
1245;15;4;4;3;2;2
1246;16;4;4;3;2;3
1247;17;4;4;3;2;4
1248;18;4;4;3;2;5
1249;15;4;4;3;3;1
1250;16;4;4;3;3;2
1251;17;4;4;3;3;3
1252;18;4;4;3;3;4
1253;15;4;4;3;4;0
1254;16;4;4;3;4;1
1255;17;4;4;3;4;2
1256;18;4;4;3;4;3
1257;16;4;4;3;5;0
1258;17;4;4;3;5;1
1259;18;4;4;3;5;2
1260;15;4;4;4;0;3
1261;16;4;4;4;0;4
1262;17;4;4;4;0;5
1263;15;4;4;4;1;2
1264;16;4;4;4;1;3
1265;17;4;4;4;1;4
1266;18;4;4;4;1;5
1267;15;4;4;4;2;1
1268;16;4;4;4;2;2
1269;17;4;4;4;2;3
1270;18;4;4;4;2;4
1271;15;4;4;4;3;0
1272;16;4;4;4;3;1
1273;17;4;4;4;3;2
1274;18;4;4;4;3;3
1275;16;4;4;4;4;0
1276;17;4;4;4;4;1
1277;18;4;4;4;4;2
1278;17;4;4;4;5;0
1279;18;4;4;4;5;1
1280;15;4;4;5;0;2
1281;16;4;4;5;0;3
1282;17;4;4;5;0;4
1283;18;4;4;5;0;5
1284;15;4;4;5;1;1
1285;16;4;4;5;1;2
1286;17;4;4;5;1;3
1287;18;4;4;5;1;4
1288;15;4;4;5;2;0
1289;16;4;4;5;2;1
1290;17;4;4;5;2;2
1291;18;4;4;5;2;3
1292;16;4;4;5;3;0
1293;17;4;4;5;3;1
1294;18;4;4;5;3;2
1295;17;4;4;5;4;0
1296;18;4;4;5;4;1
1297;18;4;4;5;5;0
1298;15;4;5;0;1;5
1299;15;4;5;0;2;4
1300;16;4;5;0;2;5
1301;15;4;5;0;3;3
1302;16;4;5;0;3;4
1303;17;4;5;0;3;5
1304;15;4;5;0;4;2
1305;16;4;5;0;4;3
1306;17;4;5;0;4;4
1307;18;4;5;0;4;5
1308;15;4;5;0;5;1
1309;16;4;5;0;5;2
1310;17;4;5;0;5;3
1311;18;4;5;0;5;4
1312;15;4;5;1;0;5
1313;15;4;5;1;1;4
1314;16;4;5;1;1;5
1315;15;4;5;1;2;3
1316;16;4;5;1;2;4
1317;17;4;5;1;2;5
1318;15;4;5;1;3;2
1319;16;4;5;1;3;3
1320;17;4;5;1;3;4
1321;18;4;5;1;3;5
1322;15;4;5;1;4;1
1323;16;4;5;1;4;2
1324;17;4;5;1;4;3
1325;18;4;5;1;4;4
1326;15;4;5;1;5;0
1327;16;4;5;1;5;1
1328;17;4;5;1;5;2
1329;18;4;5;1;5;3
1330;15;4;5;2;0;4
1331;16;4;5;2;0;5
1332;15;4;5;2;1;3
1333;16;4;5;2;1;4
1334;17;4;5;2;1;5
1335;15;4;5;2;2;2
1336;16;4;5;2;2;3
1337;17;4;5;2;2;4
1338;18;4;5;2;2;5
1339;15;4;5;2;3;1
1340;16;4;5;2;3;2
1341;17;4;5;2;3;3
1342;18;4;5;2;3;4
1343;15;4;5;2;4;0
1344;16;4;5;2;4;1
1345;17;4;5;2;4;2
1346;18;4;5;2;4;3
1347;16;4;5;2;5;0
1348;17;4;5;2;5;1
1349;18;4;5;2;5;2
1350;15;4;5;3;0;3
1351;16;4;5;3;0;4
1352;17;4;5;3;0;5
1353;15;4;5;3;1;2
1354;16;4;5;3;1;3
1355;17;4;5;3;1;4
1356;18;4;5;3;1;5
1357;15;4;5;3;2;1
1358;16;4;5;3;2;2
1359;17;4;5;3;2;3
1360;18;4;5;3;2;4
1361;15;4;5;3;3;0
1362;16;4;5;3;3;1
1363;17;4;5;3;3;2
1364;18;4;5;3;3;3
1365;16;4;5;3;4;0
1366;17;4;5;3;4;1
1367;18;4;5;3;4;2
1368;17;4;5;3;5;0
1369;18;4;5;3;5;1
1370;15;4;5;4;0;2
1371;16;4;5;4;0;3
1372;17;4;5;4;0;4
1373;18;4;5;4;0;5
1374;15;4;5;4;1;1
1375;16;4;5;4;1;2
1376;17;4;5;4;1;3
1377;18;4;5;4;1;4
1378;15;4;5;4;2;0
1379;16;4;5;4;2;1
1380;17;4;5;4;2;2
1381;18;4;5;4;2;3
1382;16;4;5;4;3;0
1383;17;4;5;4;3;1
1384;18;4;5;4;3;2
1385;17;4;5;4;4;0
1386;18;4;5;4;4;1
1387;18;4;5;4;5;0
1388;15;4;5;5;0;1
1389;16;4;5;5;0;2
1390;17;4;5;5;0;3
1391;18;4;5;5;0;4
1392;15;4;5;5;1;0
1393;16;4;5;5;1;1
1394;17;4;5;5;1;2
1395;18;4;5;5;1;3
1396;16;4;5;5;2;0
1397;17;4;5;5;2;1
1398;18;4;5;5;2;2
1399;17;4;5;5;3;0
1400;18;4;5;5;3;1
1401;18;4;5;5;4;0
1402;15;5;0;0;5;5
1403;15;5;0;1;4;5
1404;15;5;0;1;5;4
1405;16;5;0;1;5;5
1406;15;5;0;2;3;5
1407;15;5;0;2;4;4
1408;16;5;0;2;4;5
1409;15;5;0;2;5;3
1410;16;5;0;2;5;4
1411;17;5;0;2;5;5
1412;15;5;0;3;2;5
1413;15;5;0;3;3;4
1414;16;5;0;3;3;5
1415;15;5;0;3;4;3
1416;16;5;0;3;4;4
1417;17;5;0;3;4;5
1418;15;5;0;3;5;2
1419;16;5;0;3;5;3
1420;17;5;0;3;5;4
1421;18;5;0;3;5;5
1422;15;5;0;4;1;5
1423;15;5;0;4;2;4
1424;16;5;0;4;2;5
1425;15;5;0;4;3;3
1426;16;5;0;4;3;4
1427;17;5;0;4;3;5
1428;15;5;0;4;4;2
1429;16;5;0;4;4;3
1430;17;5;0;4;4;4
1431;18;5;0;4;4;5
1432;15;5;0;4;5;1
1433;16;5;0;4;5;2
1434;17;5;0;4;5;3
1435;18;5;0;4;5;4
1436;15;5;0;5;0;5
1437;15;5;0;5;1;4
1438;16;5;0;5;1;5
1439;15;5;0;5;2;3
1440;16;5;0;5;2;4
1441;17;5;0;5;2;5
1442;15;5;0;5;3;2
1443;16;5;0;5;3;3
1444;17;5;0;5;3;4
1445;18;5;0;5;3;5
1446;15;5;0;5;4;1
1447;16;5;0;5;4;2
1448;17;5;0;5;4;3
1449;18;5;0;5;4;4
1450;15;5;0;5;5;0
1451;16;5;0;5;5;1
1452;17;5;0;5;5;2
1453;18;5;0;5;5;3
1454;15;5;1;0;4;5
1455;15;5;1;0;5;4
1456;16;5;1;0;5;5
1457;15;5;1;1;3;5
1458;15;5;1;1;4;4
1459;16;5;1;1;4;5
1460;15;5;1;1;5;3
1461;16;5;1;1;5;4
1462;17;5;1;1;5;5
1463;15;5;1;2;2;5
1464;15;5;1;2;3;4
1465;16;5;1;2;3;5
1466;15;5;1;2;4;3
1467;16;5;1;2;4;4
1468;17;5;1;2;4;5
1469;15;5;1;2;5;2
1470;16;5;1;2;5;3
1471;17;5;1;2;5;4
1472;18;5;1;2;5;5
1473;15;5;1;3;1;5
1474;15;5;1;3;2;4
1475;16;5;1;3;2;5
1476;15;5;1;3;3;3
1477;16;5;1;3;3;4
1478;17;5;1;3;3;5
1479;15;5;1;3;4;2
1480;16;5;1;3;4;3
1481;17;5;1;3;4;4
1482;18;5;1;3;4;5
1483;15;5;1;3;5;1
1484;16;5;1;3;5;2
1485;17;5;1;3;5;3
1486;18;5;1;3;5;4
1487;15;5;1;4;0;5
1488;15;5;1;4;1;4
1489;16;5;1;4;1;5
1490;15;5;1;4;2;3
1491;16;5;1;4;2;4
1492;17;5;1;4;2;5
1493;15;5;1;4;3;2
1494;16;5;1;4;3;3
1495;17;5;1;4;3;4
1496;18;5;1;4;3;5
1497;15;5;1;4;4;1
1498;16;5;1;4;4;2
1499;17;5;1;4;4;3
1500;18;5;1;4;4;4
1501;15;5;1;4;5;0
1502;16;5;1;4;5;1
1503;17;5;1;4;5;2
1504;18;5;1;4;5;3
1505;15;5;1;5;0;4
1506;16;5;1;5;0;5
1507;15;5;1;5;1;3
1508;16;5;1;5;1;4
1509;17;5;1;5;1;5
1510;15;5;1;5;2;2
1511;16;5;1;5;2;3
1512;17;5;1;5;2;4
1513;18;5;1;5;2;5
1514;15;5;1;5;3;1
1515;16;5;1;5;3;2
1516;17;5;1;5;3;3
1517;18;5;1;5;3;4
1518;15;5;1;5;4;0
1519;16;5;1;5;4;1
1520;17;5;1;5;4;2
1521;18;5;1;5;4;3
1522;16;5;1;5;5;0
1523;17;5;1;5;5;1
1524;18;5;1;5;5;2
1525;15;5;2;0;3;5
1526;15;5;2;0;4;4
1527;16;5;2;0;4;5
1528;15;5;2;0;5;3
1529;16;5;2;0;5;4
1530;17;5;2;0;5;5
1531;15;5;2;1;2;5
1532;15;5;2;1;3;4
1533;16;5;2;1;3;5
1534;15;5;2;1;4;3
1535;16;5;2;1;4;4
1536;17;5;2;1;4;5
1537;15;5;2;1;5;2
1538;16;5;2;1;5;3
1539;17;5;2;1;5;4
1540;18;5;2;1;5;5
1541;15;5;2;2;1;5
1542;15;5;2;2;2;4
1543;16;5;2;2;2;5
1544;15;5;2;2;3;3
1545;16;5;2;2;3;4
1546;17;5;2;2;3;5
1547;15;5;2;2;4;2
1548;16;5;2;2;4;3
1549;17;5;2;2;4;4
1550;18;5;2;2;4;5
1551;15;5;2;2;5;1
1552;16;5;2;2;5;2
1553;17;5;2;2;5;3
1554;18;5;2;2;5;4
1555;15;5;2;3;0;5
1556;15;5;2;3;1;4
1557;16;5;2;3;1;5
1558;15;5;2;3;2;3
1559;16;5;2;3;2;4
1560;17;5;2;3;2;5
1561;15;5;2;3;3;2
1562;16;5;2;3;3;3
1563;17;5;2;3;3;4
1564;18;5;2;3;3;5
1565;15;5;2;3;4;1
1566;16;5;2;3;4;2
1567;17;5;2;3;4;3
1568;18;5;2;3;4;4
1569;15;5;2;3;5;0
1570;16;5;2;3;5;1
1571;17;5;2;3;5;2
1572;18;5;2;3;5;3
1573;15;5;2;4;0;4
1574;16;5;2;4;0;5
1575;15;5;2;4;1;3
1576;16;5;2;4;1;4
1577;17;5;2;4;1;5
1578;15;5;2;4;2;2
1579;16;5;2;4;2;3
1580;17;5;2;4;2;4
1581;18;5;2;4;2;5
1582;15;5;2;4;3;1
1583;16;5;2;4;3;2
1584;17;5;2;4;3;3
1585;18;5;2;4;3;4
1586;15;5;2;4;4;0
1587;16;5;2;4;4;1
1588;17;5;2;4;4;2
1589;18;5;2;4;4;3
1590;16;5;2;4;5;0
1591;17;5;2;4;5;1
1592;18;5;2;4;5;2
1593;15;5;2;5;0;3
1594;16;5;2;5;0;4
1595;17;5;2;5;0;5
1596;15;5;2;5;1;2
1597;16;5;2;5;1;3
1598;17;5;2;5;1;4
1599;18;5;2;5;1;5
1600;15;5;2;5;2;1
1601;16;5;2;5;2;2
1602;17;5;2;5;2;3
1603;18;5;2;5;2;4
1604;15;5;2;5;3;0
1605;16;5;2;5;3;1
1606;17;5;2;5;3;2
1607;18;5;2;5;3;3
1608;16;5;2;5;4;0
1609;17;5;2;5;4;1
1610;18;5;2;5;4;2
1611;17;5;2;5;5;0
1612;18;5;2;5;5;1
1613;15;5;3;0;2;5
1614;15;5;3;0;3;4
1615;16;5;3;0;3;5
1616;15;5;3;0;4;3
1617;16;5;3;0;4;4
1618;17;5;3;0;4;5
1619;15;5;3;0;5;2
1620;16;5;3;0;5;3
1621;17;5;3;0;5;4
1622;18;5;3;0;5;5
1623;15;5;3;1;1;5
1624;15;5;3;1;2;4
1625;16;5;3;1;2;5
1626;15;5;3;1;3;3
1627;16;5;3;1;3;4
1628;17;5;3;1;3;5
1629;15;5;3;1;4;2
1630;16;5;3;1;4;3
1631;17;5;3;1;4;4
1632;18;5;3;1;4;5
1633;15;5;3;1;5;1
1634;16;5;3;1;5;2
1635;17;5;3;1;5;3
1636;18;5;3;1;5;4
1637;15;5;3;2;0;5
1638;15;5;3;2;1;4
1639;16;5;3;2;1;5
1640;15;5;3;2;2;3
1641;16;5;3;2;2;4
1642;17;5;3;2;2;5
1643;15;5;3;2;3;2
1644;16;5;3;2;3;3
1645;17;5;3;2;3;4
1646;18;5;3;2;3;5
1647;15;5;3;2;4;1
1648;16;5;3;2;4;2
1649;17;5;3;2;4;3
1650;18;5;3;2;4;4
1651;15;5;3;2;5;0
1652;16;5;3;2;5;1
1653;17;5;3;2;5;2
1654;18;5;3;2;5;3
1655;15;5;3;3;0;4
1656;16;5;3;3;0;5
1657;15;5;3;3;1;3
1658;16;5;3;3;1;4
1659;17;5;3;3;1;5
1660;15;5;3;3;2;2
1661;16;5;3;3;2;3
1662;17;5;3;3;2;4
1663;18;5;3;3;2;5
1664;15;5;3;3;3;1
1665;16;5;3;3;3;2
1666;17;5;3;3;3;3
1667;18;5;3;3;3;4
1668;15;5;3;3;4;0
1669;16;5;3;3;4;1
1670;17;5;3;3;4;2
1671;18;5;3;3;4;3
1672;16;5;3;3;5;0
1673;17;5;3;3;5;1
1674;18;5;3;3;5;2
1675;15;5;3;4;0;3
1676;16;5;3;4;0;4
1677;17;5;3;4;0;5
1678;15;5;3;4;1;2
1679;16;5;3;4;1;3
1680;17;5;3;4;1;4
1681;18;5;3;4;1;5
1682;15;5;3;4;2;1
1683;16;5;3;4;2;2
1684;17;5;3;4;2;3
1685;18;5;3;4;2;4
1686;15;5;3;4;3;0
1687;16;5;3;4;3;1
1688;17;5;3;4;3;2
1689;18;5;3;4;3;3
1690;16;5;3;4;4;0
1691;17;5;3;4;4;1
1692;18;5;3;4;4;2
1693;17;5;3;4;5;0
1694;18;5;3;4;5;1
1695;15;5;3;5;0;2
1696;16;5;3;5;0;3
1697;17;5;3;5;0;4
1698;18;5;3;5;0;5
1699;15;5;3;5;1;1
1700;16;5;3;5;1;2
1701;17;5;3;5;1;3
1702;18;5;3;5;1;4
1703;15;5;3;5;2;0
1704;16;5;3;5;2;1
1705;17;5;3;5;2;2
1706;18;5;3;5;2;3
1707;16;5;3;5;3;0
1708;17;5;3;5;3;1
1709;18;5;3;5;3;2
1710;17;5;3;5;4;0
1711;18;5;3;5;4;1
1712;18;5;3;5;5;0
1713;15;5;4;0;1;5
1714;15;5;4;0;2;4
1715;16;5;4;0;2;5
1716;15;5;4;0;3;3
1717;16;5;4;0;3;4
1718;17;5;4;0;3;5
1719;15;5;4;0;4;2
1720;16;5;4;0;4;3
1721;17;5;4;0;4;4
1722;18;5;4;0;4;5
1723;15;5;4;0;5;1
1724;16;5;4;0;5;2
1725;17;5;4;0;5;3
1726;18;5;4;0;5;4
1727;15;5;4;1;0;5
1728;15;5;4;1;1;4
1729;16;5;4;1;1;5
1730;15;5;4;1;2;3
1731;16;5;4;1;2;4
1732;17;5;4;1;2;5
1733;15;5;4;1;3;2
1734;16;5;4;1;3;3
1735;17;5;4;1;3;4
1736;18;5;4;1;3;5
1737;15;5;4;1;4;1
1738;16;5;4;1;4;2
1739;17;5;4;1;4;3
1740;18;5;4;1;4;4
1741;15;5;4;1;5;0
1742;16;5;4;1;5;1
1743;17;5;4;1;5;2
1744;18;5;4;1;5;3
1745;15;5;4;2;0;4
1746;16;5;4;2;0;5
1747;15;5;4;2;1;3
1748;16;5;4;2;1;4
1749;17;5;4;2;1;5
1750;15;5;4;2;2;2
1751;16;5;4;2;2;3
1752;17;5;4;2;2;4
1753;18;5;4;2;2;5
1754;15;5;4;2;3;1
1755;16;5;4;2;3;2
1756;17;5;4;2;3;3
1757;18;5;4;2;3;4
1758;15;5;4;2;4;0
1759;16;5;4;2;4;1
1760;17;5;4;2;4;2
1761;18;5;4;2;4;3
1762;16;5;4;2;5;0
1763;17;5;4;2;5;1
1764;18;5;4;2;5;2
1765;15;5;4;3;0;3
1766;16;5;4;3;0;4
1767;17;5;4;3;0;5
1768;15;5;4;3;1;2
1769;16;5;4;3;1;3
1770;17;5;4;3;1;4
1771;18;5;4;3;1;5
1772;15;5;4;3;2;1
1773;16;5;4;3;2;2
1774;17;5;4;3;2;3
1775;18;5;4;3;2;4
1776;15;5;4;3;3;0
1777;16;5;4;3;3;1
1778;17;5;4;3;3;2
1779;18;5;4;3;3;3
1780;16;5;4;3;4;0
1781;17;5;4;3;4;1
1782;18;5;4;3;4;2
1783;17;5;4;3;5;0
1784;18;5;4;3;5;1
1785;15;5;4;4;0;2
1786;16;5;4;4;0;3
1787;17;5;4;4;0;4
1788;18;5;4;4;0;5
1789;15;5;4;4;1;1
1790;16;5;4;4;1;2
1791;17;5;4;4;1;3
1792;18;5;4;4;1;4
1793;15;5;4;4;2;0
1794;16;5;4;4;2;1
1795;17;5;4;4;2;2
1796;18;5;4;4;2;3
1797;16;5;4;4;3;0
1798;17;5;4;4;3;1
1799;18;5;4;4;3;2
1800;17;5;4;4;4;0
1801;18;5;4;4;4;1
1802;18;5;4;4;5;0
1803;15;5;4;5;0;1
1804;16;5;4;5;0;2
1805;17;5;4;5;0;3
1806;18;5;4;5;0;4
1807;15;5;4;5;1;0
1808;16;5;4;5;1;1
1809;17;5;4;5;1;2
1810;18;5;4;5;1;3
1811;16;5;4;5;2;0
1812;17;5;4;5;2;1
1813;18;5;4;5;2;2
1814;17;5;4;5;3;0
1815;18;5;4;5;3;1
1816;18;5;4;5;4;0
1817;15;5;5;0;0;5
1818;15;5;5;0;1;4
1819;16;5;5;0;1;5
1820;15;5;5;0;2;3
1821;16;5;5;0;2;4
1822;17;5;5;0;2;5
1823;15;5;5;0;3;2
1824;16;5;5;0;3;3
1825;17;5;5;0;3;4
1826;18;5;5;0;3;5
1827;15;5;5;0;4;1
1828;16;5;5;0;4;2
1829;17;5;5;0;4;3
1830;18;5;5;0;4;4
1831;15;5;5;0;5;0
1832;16;5;5;0;5;1
1833;17;5;5;0;5;2
1834;18;5;5;0;5;3
1835;15;5;5;1;0;4
1836;16;5;5;1;0;5
1837;15;5;5;1;1;3
1838;16;5;5;1;1;4
1839;17;5;5;1;1;5
1840;15;5;5;1;2;2
1841;16;5;5;1;2;3
1842;17;5;5;1;2;4
1843;18;5;5;1;2;5
1844;15;5;5;1;3;1
1845;16;5;5;1;3;2
1846;17;5;5;1;3;3
1847;18;5;5;1;3;4
1848;15;5;5;1;4;0
1849;16;5;5;1;4;1
1850;17;5;5;1;4;2
1851;18;5;5;1;4;3
1852;16;5;5;1;5;0
1853;17;5;5;1;5;1
1854;18;5;5;1;5;2
1855;15;5;5;2;0;3
1856;16;5;5;2;0;4
1857;17;5;5;2;0;5
1858;15;5;5;2;1;2
1859;16;5;5;2;1;3
1860;17;5;5;2;1;4
1861;18;5;5;2;1;5
1862;15;5;5;2;2;1
1863;16;5;5;2;2;2
1864;17;5;5;2;2;3
1865;18;5;5;2;2;4
1866;15;5;5;2;3;0
1867;16;5;5;2;3;1
1868;17;5;5;2;3;2
1869;18;5;5;2;3;3
1870;16;5;5;2;4;0
1871;17;5;5;2;4;1
1872;18;5;5;2;4;2
1873;17;5;5;2;5;0
1874;18;5;5;2;5;1
1875;15;5;5;3;0;2
1876;16;5;5;3;0;3
1877;17;5;5;3;0;4
1878;18;5;5;3;0;5
1879;15;5;5;3;1;1
1880;16;5;5;3;1;2
1881;17;5;5;3;1;3
1882;18;5;5;3;1;4
1883;15;5;5;3;2;0
1884;16;5;5;3;2;1
1885;17;5;5;3;2;2
1886;18;5;5;3;2;3
1887;16;5;5;3;3;0
1888;17;5;5;3;3;1
1889;18;5;5;3;3;2
1890;17;5;5;3;4;0
1891;18;5;5;3;4;1
1892;18;5;5;3;5;0
1893;15;5;5;4;0;1
1894;16;5;5;4;0;2
1895;17;5;5;4;0;3
1896;18;5;5;4;0;4
1897;15;5;5;4;1;0
1898;16;5;5;4;1;1
1899;17;5;5;4;1;2
1900;18;5;5;4;1;3
1901;16;5;5;4;2;0
1902;17;5;5;4;2;1
1903;18;5;5;4;2;2
1904;17;5;5;4;3;0
1905;18;5;5;4;3;1
1906;18;5;5;4;4;0
1907;15;5;5;5;0;0
1908;16;5;5;5;0;1
1909;17;5;5;5;0;2
1910;18;5;5;5;0;3
1911;16;5;5;5;1;0
1912;17;5;5;5;1;1
1913;18;5;5;5;1;2
1914;17;5;5;5;2;0
1915;18;5;5;5;2;1
1916;18;5;5;5;3;0
