b1_b4_b8_b12_b15_id;b1;b4;b8;b12;b15
1;1;4;8;12;15
2;1;4;8;12;16
3;1;4;8;12;17
4;1;4;8;12;18
5;1;4;8;12;19
6;1;4;8;12;20
7;1;4;8;12;21
8;1;4;8;12;22
9;1;4;8;12;23
10;1;4;8;12;24
11;1;4;8;12;25
12;1;4;8;13;16
13;1;4;8;13;17
14;1;4;8;13;18
15;1;4;8;13;19
16;1;4;8;13;20
17;1;4;8;13;21
18;1;4;8;13;22
19;1;4;8;13;23
20;1;4;8;13;24
21;1;4;8;13;25
22;1;4;8;14;17
23;1;4;8;14;18
24;1;4;8;14;19
25;1;4;8;14;20
26;1;4;8;14;21
27;1;4;8;14;22
28;1;4;8;14;23
29;1;4;8;14;24
30;1;4;8;14;25
31;1;4;8;15;18
32;1;4;8;15;19
33;1;4;8;15;20
34;1;4;8;15;21
35;1;4;8;15;22
36;1;4;8;15;23
37;1;4;8;15;24
38;1;4;8;15;25
39;1;4;8;16;19
40;1;4;8;16;20
41;1;4;8;16;21
42;1;4;8;16;22
43;1;4;8;16;23
44;1;4;8;16;24
45;1;4;8;16;25
46;1;4;8;17;20
47;1;4;8;17;21
48;1;4;8;17;22
49;1;4;8;17;23
50;1;4;8;17;24
51;1;4;8;17;25
52;1;4;8;18;21
53;1;4;8;18;22
54;1;4;8;18;23
55;1;4;8;18;24
56;1;4;8;18;25
57;1;4;8;19;22
58;1;4;8;19;23
59;1;4;8;19;24
60;1;4;8;19;25
61;1;4;8;20;23
62;1;4;8;20;24
63;1;4;8;20;25
64;1;4;8;21;24
65;1;4;8;21;25
66;1;4;8;22;25
67;1;4;9;13;16
68;1;4;9;13;17
69;1;4;9;13;18
70;1;4;9;13;19
71;1;4;9;13;20
72;1;4;9;13;21
73;1;4;9;13;22
74;1;4;9;13;23
75;1;4;9;13;24
76;1;4;9;13;25
77;1;4;9;14;17
78;1;4;9;14;18
79;1;4;9;14;19
80;1;4;9;14;20
81;1;4;9;14;21
82;1;4;9;14;22
83;1;4;9;14;23
84;1;4;9;14;24
85;1;4;9;14;25
86;1;4;9;15;18
87;1;4;9;15;19
88;1;4;9;15;20
89;1;4;9;15;21
90;1;4;9;15;22
91;1;4;9;15;23
92;1;4;9;15;24
93;1;4;9;15;25
94;1;4;9;16;19
95;1;4;9;16;20
96;1;4;9;16;21
97;1;4;9;16;22
98;1;4;9;16;23
99;1;4;9;16;24
100;1;4;9;16;25
101;1;4;9;17;20
102;1;4;9;17;21
103;1;4;9;17;22
104;1;4;9;17;23
105;1;4;9;17;24
106;1;4;9;17;25
107;1;4;9;18;21
108;1;4;9;18;22
109;1;4;9;18;23
110;1;4;9;18;24
111;1;4;9;18;25
112;1;4;9;19;22
113;1;4;9;19;23
114;1;4;9;19;24
115;1;4;9;19;25
116;1;4;9;20;23
117;1;4;9;20;24
118;1;4;9;20;25
119;1;4;9;21;24
120;1;4;9;21;25
121;1;4;9;22;25
122;1;4;10;14;17
123;1;4;10;14;18
124;1;4;10;14;19
125;1;4;10;14;20
126;1;4;10;14;21
127;1;4;10;14;22
128;1;4;10;14;23
129;1;4;10;14;24
130;1;4;10;14;25
131;1;4;10;15;18
132;1;4;10;15;19
133;1;4;10;15;20
134;1;4;10;15;21
135;1;4;10;15;22
136;1;4;10;15;23
137;1;4;10;15;24
138;1;4;10;15;25
139;1;4;10;16;19
140;1;4;10;16;20
141;1;4;10;16;21
142;1;4;10;16;22
143;1;4;10;16;23
144;1;4;10;16;24
145;1;4;10;16;25
146;1;4;10;17;20
147;1;4;10;17;21
148;1;4;10;17;22
149;1;4;10;17;23
150;1;4;10;17;24
151;1;4;10;17;25
152;1;4;10;18;21
153;1;4;10;18;22
154;1;4;10;18;23
155;1;4;10;18;24
156;1;4;10;18;25
157;1;4;10;19;22
158;1;4;10;19;23
159;1;4;10;19;24
160;1;4;10;19;25
161;1;4;10;20;23
162;1;4;10;20;24
163;1;4;10;20;25
164;1;4;10;21;24
165;1;4;10;21;25
166;1;4;10;22;25
167;1;4;11;15;18
168;1;4;11;15;19
169;1;4;11;15;20
170;1;4;11;15;21
171;1;4;11;15;22
172;1;4;11;15;23
173;1;4;11;15;24
174;1;4;11;15;25
175;1;4;11;16;19
176;1;4;11;16;20
177;1;4;11;16;21
178;1;4;11;16;22
179;1;4;11;16;23
180;1;4;11;16;24
181;1;4;11;16;25
182;1;4;11;17;20
183;1;4;11;17;21
184;1;4;11;17;22
185;1;4;11;17;23
186;1;4;11;17;24
187;1;4;11;17;25
188;1;4;11;18;21
189;1;4;11;18;22
190;1;4;11;18;23
191;1;4;11;18;24
192;1;4;11;18;25
193;1;4;11;19;22
194;1;4;11;19;23
195;1;4;11;19;24
196;1;4;11;19;25
197;1;4;11;20;23
198;1;4;11;20;24
199;1;4;11;20;25
200;1;4;11;21;24
201;1;4;11;21;25
202;1;4;11;22;25
203;1;4;12;16;19
204;1;4;12;16;20
205;1;4;12;16;21
206;1;4;12;16;22
207;1;4;12;16;23
208;1;4;12;16;24
209;1;4;12;16;25
210;1;4;12;17;20
211;1;4;12;17;21
212;1;4;12;17;22
213;1;4;12;17;23
214;1;4;12;17;24
215;1;4;12;17;25
216;1;4;12;18;21
217;1;4;12;18;22
218;1;4;12;18;23
219;1;4;12;18;24
220;1;4;12;18;25
221;1;4;12;19;22
222;1;4;12;19;23
223;1;4;12;19;24
224;1;4;12;19;25
225;1;4;12;20;23
226;1;4;12;20;24
227;1;4;12;20;25
228;1;4;12;21;24
229;1;4;12;21;25
230;1;4;12;22;25
231;1;4;13;17;20
232;1;4;13;17;21
233;1;4;13;17;22
234;1;4;13;17;23
235;1;4;13;17;24
236;1;4;13;17;25
237;1;4;13;18;21
238;1;4;13;18;22
239;1;4;13;18;23
240;1;4;13;18;24
241;1;4;13;18;25
242;1;4;13;19;22
243;1;4;13;19;23
244;1;4;13;19;24
245;1;4;13;19;25
246;1;4;13;20;23
247;1;4;13;20;24
248;1;4;13;20;25
249;1;4;13;21;24
250;1;4;13;21;25
251;1;4;13;22;25
252;1;4;14;18;21
253;1;4;14;18;22
254;1;4;14;18;23
255;1;4;14;18;24
256;1;4;14;18;25
257;1;4;14;19;22
258;1;4;14;19;23
259;1;4;14;19;24
260;1;4;14;19;25
261;1;4;14;20;23
262;1;4;14;20;24
263;1;4;14;20;25
264;1;4;14;21;24
265;1;4;14;21;25
266;1;4;14;22;25
267;1;4;15;19;22
268;1;4;15;19;23
269;1;4;15;19;24
270;1;4;15;19;25
271;1;4;15;20;23
272;1;4;15;20;24
273;1;4;15;20;25
274;1;4;15;21;24
275;1;4;15;21;25
276;1;4;15;22;25
277;1;4;16;20;23
278;1;4;16;20;24
279;1;4;16;20;25
280;1;4;16;21;24
281;1;4;16;21;25
282;1;4;16;22;25
283;1;4;17;21;24
284;1;4;17;21;25
285;1;4;17;22;25
286;1;4;18;22;25
287;1;5;9;13;16
288;1;5;9;13;17
289;1;5;9;13;18
290;1;5;9;13;19
291;1;5;9;13;20
292;1;5;9;13;21
293;1;5;9;13;22
294;1;5;9;13;23
295;1;5;9;13;24
296;1;5;9;13;25
297;1;5;9;14;17
298;1;5;9;14;18
299;1;5;9;14;19
300;1;5;9;14;20
301;1;5;9;14;21
302;1;5;9;14;22
303;1;5;9;14;23
304;1;5;9;14;24
305;1;5;9;14;25
306;1;5;9;15;18
307;1;5;9;15;19
308;1;5;9;15;20
309;1;5;9;15;21
310;1;5;9;15;22
311;1;5;9;15;23
312;1;5;9;15;24
313;1;5;9;15;25
314;1;5;9;16;19
315;1;5;9;16;20
316;1;5;9;16;21
317;1;5;9;16;22
318;1;5;9;16;23
319;1;5;9;16;24
320;1;5;9;16;25
321;1;5;9;17;20
322;1;5;9;17;21
323;1;5;9;17;22
324;1;5;9;17;23
325;1;5;9;17;24
326;1;5;9;17;25
327;1;5;9;18;21
328;1;5;9;18;22
329;1;5;9;18;23
330;1;5;9;18;24
331;1;5;9;18;25
332;1;5;9;19;22
333;1;5;9;19;23
334;1;5;9;19;24
335;1;5;9;19;25
336;1;5;9;20;23
337;1;5;9;20;24
338;1;5;9;20;25
339;1;5;9;21;24
340;1;5;9;21;25
341;1;5;9;22;25
342;1;5;10;14;17
343;1;5;10;14;18
344;1;5;10;14;19
345;1;5;10;14;20
346;1;5;10;14;21
347;1;5;10;14;22
348;1;5;10;14;23
349;1;5;10;14;24
350;1;5;10;14;25
351;1;5;10;15;18
352;1;5;10;15;19
353;1;5;10;15;20
354;1;5;10;15;21
355;1;5;10;15;22
356;1;5;10;15;23
357;1;5;10;15;24
358;1;5;10;15;25
359;1;5;10;16;19
360;1;5;10;16;20
361;1;5;10;16;21
362;1;5;10;16;22
363;1;5;10;16;23
364;1;5;10;16;24
365;1;5;10;16;25
366;1;5;10;17;20
367;1;5;10;17;21
368;1;5;10;17;22
369;1;5;10;17;23
370;1;5;10;17;24
371;1;5;10;17;25
372;1;5;10;18;21
373;1;5;10;18;22
374;1;5;10;18;23
375;1;5;10;18;24
376;1;5;10;18;25
377;1;5;10;19;22
378;1;5;10;19;23
379;1;5;10;19;24
380;1;5;10;19;25
381;1;5;10;20;23
382;1;5;10;20;24
383;1;5;10;20;25
384;1;5;10;21;24
385;1;5;10;21;25
386;1;5;10;22;25
387;1;5;11;15;18
388;1;5;11;15;19
389;1;5;11;15;20
390;1;5;11;15;21
391;1;5;11;15;22
392;1;5;11;15;23
393;1;5;11;15;24
394;1;5;11;15;25
395;1;5;11;16;19
396;1;5;11;16;20
397;1;5;11;16;21
398;1;5;11;16;22
399;1;5;11;16;23
400;1;5;11;16;24
401;1;5;11;16;25
402;1;5;11;17;20
403;1;5;11;17;21
404;1;5;11;17;22
405;1;5;11;17;23
406;1;5;11;17;24
407;1;5;11;17;25
408;1;5;11;18;21
409;1;5;11;18;22
410;1;5;11;18;23
411;1;5;11;18;24
412;1;5;11;18;25
413;1;5;11;19;22
414;1;5;11;19;23
415;1;5;11;19;24
416;1;5;11;19;25
417;1;5;11;20;23
418;1;5;11;20;24
419;1;5;11;20;25
420;1;5;11;21;24
421;1;5;11;21;25
422;1;5;11;22;25
423;1;5;12;16;19
424;1;5;12;16;20
425;1;5;12;16;21
426;1;5;12;16;22
427;1;5;12;16;23
428;1;5;12;16;24
429;1;5;12;16;25
430;1;5;12;17;20
431;1;5;12;17;21
432;1;5;12;17;22
433;1;5;12;17;23
434;1;5;12;17;24
435;1;5;12;17;25
436;1;5;12;18;21
437;1;5;12;18;22
438;1;5;12;18;23
439;1;5;12;18;24
440;1;5;12;18;25
441;1;5;12;19;22
442;1;5;12;19;23
443;1;5;12;19;24
444;1;5;12;19;25
445;1;5;12;20;23
446;1;5;12;20;24
447;1;5;12;20;25
448;1;5;12;21;24
449;1;5;12;21;25
450;1;5;12;22;25
451;1;5;13;17;20
452;1;5;13;17;21
453;1;5;13;17;22
454;1;5;13;17;23
455;1;5;13;17;24
456;1;5;13;17;25
457;1;5;13;18;21
458;1;5;13;18;22
459;1;5;13;18;23
460;1;5;13;18;24
461;1;5;13;18;25
462;1;5;13;19;22
463;1;5;13;19;23
464;1;5;13;19;24
465;1;5;13;19;25
466;1;5;13;20;23
467;1;5;13;20;24
468;1;5;13;20;25
469;1;5;13;21;24
470;1;5;13;21;25
471;1;5;13;22;25
472;1;5;14;18;21
473;1;5;14;18;22
474;1;5;14;18;23
475;1;5;14;18;24
476;1;5;14;18;25
477;1;5;14;19;22
478;1;5;14;19;23
479;1;5;14;19;24
480;1;5;14;19;25
481;1;5;14;20;23
482;1;5;14;20;24
483;1;5;14;20;25
484;1;5;14;21;24
485;1;5;14;21;25
486;1;5;14;22;25
487;1;5;15;19;22
488;1;5;15;19;23
489;1;5;15;19;24
490;1;5;15;19;25
491;1;5;15;20;23
492;1;5;15;20;24
493;1;5;15;20;25
494;1;5;15;21;24
495;1;5;15;21;25
496;1;5;15;22;25
497;1;5;16;20;23
498;1;5;16;20;24
499;1;5;16;20;25
500;1;5;16;21;24
501;1;5;16;21;25
502;1;5;16;22;25
503;1;5;17;21;24
504;1;5;17;21;25
505;1;5;17;22;25
506;1;5;18;22;25
507;1;6;10;14;17
508;1;6;10;14;18
509;1;6;10;14;19
510;1;6;10;14;20
511;1;6;10;14;21
512;1;6;10;14;22
513;1;6;10;14;23
514;1;6;10;14;24
515;1;6;10;14;25
516;1;6;10;15;18
517;1;6;10;15;19
518;1;6;10;15;20
519;1;6;10;15;21
520;1;6;10;15;22
521;1;6;10;15;23
522;1;6;10;15;24
523;1;6;10;15;25
524;1;6;10;16;19
525;1;6;10;16;20
526;1;6;10;16;21
527;1;6;10;16;22
528;1;6;10;16;23
529;1;6;10;16;24
530;1;6;10;16;25
531;1;6;10;17;20
532;1;6;10;17;21
533;1;6;10;17;22
534;1;6;10;17;23
535;1;6;10;17;24
536;1;6;10;17;25
537;1;6;10;18;21
538;1;6;10;18;22
539;1;6;10;18;23
540;1;6;10;18;24
541;1;6;10;18;25
542;1;6;10;19;22
543;1;6;10;19;23
544;1;6;10;19;24
545;1;6;10;19;25
546;1;6;10;20;23
547;1;6;10;20;24
548;1;6;10;20;25
549;1;6;10;21;24
550;1;6;10;21;25
551;1;6;10;22;25
552;1;6;11;15;18
553;1;6;11;15;19
554;1;6;11;15;20
555;1;6;11;15;21
556;1;6;11;15;22
557;1;6;11;15;23
558;1;6;11;15;24
559;1;6;11;15;25
560;1;6;11;16;19
561;1;6;11;16;20
562;1;6;11;16;21
563;1;6;11;16;22
564;1;6;11;16;23
565;1;6;11;16;24
566;1;6;11;16;25
567;1;6;11;17;20
568;1;6;11;17;21
569;1;6;11;17;22
570;1;6;11;17;23
571;1;6;11;17;24
572;1;6;11;17;25
573;1;6;11;18;21
574;1;6;11;18;22
575;1;6;11;18;23
576;1;6;11;18;24
577;1;6;11;18;25
578;1;6;11;19;22
579;1;6;11;19;23
580;1;6;11;19;24
581;1;6;11;19;25
582;1;6;11;20;23
583;1;6;11;20;24
584;1;6;11;20;25
585;1;6;11;21;24
586;1;6;11;21;25
587;1;6;11;22;25
588;1;6;12;16;19
589;1;6;12;16;20
590;1;6;12;16;21
591;1;6;12;16;22
592;1;6;12;16;23
593;1;6;12;16;24
594;1;6;12;16;25
595;1;6;12;17;20
596;1;6;12;17;21
597;1;6;12;17;22
598;1;6;12;17;23
599;1;6;12;17;24
600;1;6;12;17;25
601;1;6;12;18;21
602;1;6;12;18;22
603;1;6;12;18;23
604;1;6;12;18;24
605;1;6;12;18;25
606;1;6;12;19;22
607;1;6;12;19;23
608;1;6;12;19;24
609;1;6;12;19;25
610;1;6;12;20;23
611;1;6;12;20;24
612;1;6;12;20;25
613;1;6;12;21;24
614;1;6;12;21;25
615;1;6;12;22;25
616;1;6;13;17;20
617;1;6;13;17;21
618;1;6;13;17;22
619;1;6;13;17;23
620;1;6;13;17;24
621;1;6;13;17;25
622;1;6;13;18;21
623;1;6;13;18;22
624;1;6;13;18;23
625;1;6;13;18;24
626;1;6;13;18;25
627;1;6;13;19;22
628;1;6;13;19;23
629;1;6;13;19;24
630;1;6;13;19;25
631;1;6;13;20;23
632;1;6;13;20;24
633;1;6;13;20;25
634;1;6;13;21;24
635;1;6;13;21;25
636;1;6;13;22;25
637;1;6;14;18;21
638;1;6;14;18;22
639;1;6;14;18;23
640;1;6;14;18;24
641;1;6;14;18;25
642;1;6;14;19;22
643;1;6;14;19;23
644;1;6;14;19;24
645;1;6;14;19;25
646;1;6;14;20;23
647;1;6;14;20;24
648;1;6;14;20;25
649;1;6;14;21;24
650;1;6;14;21;25
651;1;6;14;22;25
652;1;6;15;19;22
653;1;6;15;19;23
654;1;6;15;19;24
655;1;6;15;19;25
656;1;6;15;20;23
657;1;6;15;20;24
658;1;6;15;20;25
659;1;6;15;21;24
660;1;6;15;21;25
661;1;6;15;22;25
662;1;6;16;20;23
663;1;6;16;20;24
664;1;6;16;20;25
665;1;6;16;21;24
666;1;6;16;21;25
667;1;6;16;22;25
668;1;6;17;21;24
669;1;6;17;21;25
670;1;6;17;22;25
671;1;6;18;22;25
672;1;7;11;15;18
673;1;7;11;15;19
674;1;7;11;15;20
675;1;7;11;15;21
676;1;7;11;15;22
677;1;7;11;15;23
678;1;7;11;15;24
679;1;7;11;15;25
680;1;7;11;16;19
681;1;7;11;16;20
682;1;7;11;16;21
683;1;7;11;16;22
684;1;7;11;16;23
685;1;7;11;16;24
686;1;7;11;16;25
687;1;7;11;17;20
688;1;7;11;17;21
689;1;7;11;17;22
690;1;7;11;17;23
691;1;7;11;17;24
692;1;7;11;17;25
693;1;7;11;18;21
694;1;7;11;18;22
695;1;7;11;18;23
696;1;7;11;18;24
697;1;7;11;18;25
698;1;7;11;19;22
699;1;7;11;19;23
700;1;7;11;19;24
701;1;7;11;19;25
702;1;7;11;20;23
703;1;7;11;20;24
704;1;7;11;20;25
705;1;7;11;21;24
706;1;7;11;21;25
707;1;7;11;22;25
708;1;7;12;16;19
709;1;7;12;16;20
710;1;7;12;16;21
711;1;7;12;16;22
712;1;7;12;16;23
713;1;7;12;16;24
714;1;7;12;16;25
715;1;7;12;17;20
716;1;7;12;17;21
717;1;7;12;17;22
718;1;7;12;17;23
719;1;7;12;17;24
720;1;7;12;17;25
721;1;7;12;18;21
722;1;7;12;18;22
723;1;7;12;18;23
724;1;7;12;18;24
725;1;7;12;18;25
726;1;7;12;19;22
727;1;7;12;19;23
728;1;7;12;19;24
729;1;7;12;19;25
730;1;7;12;20;23
731;1;7;12;20;24
732;1;7;12;20;25
733;1;7;12;21;24
734;1;7;12;21;25
735;1;7;12;22;25
736;1;7;13;17;20
737;1;7;13;17;21
738;1;7;13;17;22
739;1;7;13;17;23
740;1;7;13;17;24
741;1;7;13;17;25
742;1;7;13;18;21
743;1;7;13;18;22
744;1;7;13;18;23
745;1;7;13;18;24
746;1;7;13;18;25
747;1;7;13;19;22
748;1;7;13;19;23
749;1;7;13;19;24
750;1;7;13;19;25
751;1;7;13;20;23
752;1;7;13;20;24
753;1;7;13;20;25
754;1;7;13;21;24
755;1;7;13;21;25
756;1;7;13;22;25
757;1;7;14;18;21
758;1;7;14;18;22
759;1;7;14;18;23
760;1;7;14;18;24
761;1;7;14;18;25
762;1;7;14;19;22
763;1;7;14;19;23
764;1;7;14;19;24
765;1;7;14;19;25
766;1;7;14;20;23
767;1;7;14;20;24
768;1;7;14;20;25
769;1;7;14;21;24
770;1;7;14;21;25
771;1;7;14;22;25
772;1;7;15;19;22
773;1;7;15;19;23
774;1;7;15;19;24
775;1;7;15;19;25
776;1;7;15;20;23
777;1;7;15;20;24
778;1;7;15;20;25
779;1;7;15;21;24
780;1;7;15;21;25
781;1;7;15;22;25
782;1;7;16;20;23
783;1;7;16;20;24
784;1;7;16;20;25
785;1;7;16;21;24
786;1;7;16;21;25
787;1;7;16;22;25
788;1;7;17;21;24
789;1;7;17;21;25
790;1;7;17;22;25
791;1;7;18;22;25
792;1;8;12;16;19
793;1;8;12;16;20
794;1;8;12;16;21
795;1;8;12;16;22
796;1;8;12;16;23
797;1;8;12;16;24
798;1;8;12;16;25
799;1;8;12;17;20
800;1;8;12;17;21
801;1;8;12;17;22
802;1;8;12;17;23
803;1;8;12;17;24
804;1;8;12;17;25
805;1;8;12;18;21
806;1;8;12;18;22
807;1;8;12;18;23
808;1;8;12;18;24
809;1;8;12;18;25
810;1;8;12;19;22
811;1;8;12;19;23
812;1;8;12;19;24
813;1;8;12;19;25
814;1;8;12;20;23
815;1;8;12;20;24
816;1;8;12;20;25
817;1;8;12;21;24
818;1;8;12;21;25
819;1;8;12;22;25
820;1;8;13;17;20
821;1;8;13;17;21
822;1;8;13;17;22
823;1;8;13;17;23
824;1;8;13;17;24
825;1;8;13;17;25
826;1;8;13;18;21
827;1;8;13;18;22
828;1;8;13;18;23
829;1;8;13;18;24
830;1;8;13;18;25
831;1;8;13;19;22
832;1;8;13;19;23
833;1;8;13;19;24
834;1;8;13;19;25
835;1;8;13;20;23
836;1;8;13;20;24
837;1;8;13;20;25
838;1;8;13;21;24
839;1;8;13;21;25
840;1;8;13;22;25
841;1;8;14;18;21
842;1;8;14;18;22
843;1;8;14;18;23
844;1;8;14;18;24
845;1;8;14;18;25
846;1;8;14;19;22
847;1;8;14;19;23
848;1;8;14;19;24
849;1;8;14;19;25
850;1;8;14;20;23
851;1;8;14;20;24
852;1;8;14;20;25
853;1;8;14;21;24
854;1;8;14;21;25
855;1;8;14;22;25
856;1;8;15;19;22
857;1;8;15;19;23
858;1;8;15;19;24
859;1;8;15;19;25
860;1;8;15;20;23
861;1;8;15;20;24
862;1;8;15;20;25
863;1;8;15;21;24
864;1;8;15;21;25
865;1;8;15;22;25
866;1;8;16;20;23
867;1;8;16;20;24
868;1;8;16;20;25
869;1;8;16;21;24
870;1;8;16;21;25
871;1;8;16;22;25
872;1;8;17;21;24
873;1;8;17;21;25
874;1;8;17;22;25
875;1;8;18;22;25
876;1;9;13;17;20
877;1;9;13;17;21
878;1;9;13;17;22
879;1;9;13;17;23
880;1;9;13;17;24
881;1;9;13;17;25
882;1;9;13;18;21
883;1;9;13;18;22
884;1;9;13;18;23
885;1;9;13;18;24
886;1;9;13;18;25
887;1;9;13;19;22
888;1;9;13;19;23
889;1;9;13;19;24
890;1;9;13;19;25
891;1;9;13;20;23
892;1;9;13;20;24
893;1;9;13;20;25
894;1;9;13;21;24
895;1;9;13;21;25
896;1;9;13;22;25
897;1;9;14;18;21
898;1;9;14;18;22
899;1;9;14;18;23
900;1;9;14;18;24
901;1;9;14;18;25
902;1;9;14;19;22
903;1;9;14;19;23
904;1;9;14;19;24
905;1;9;14;19;25
906;1;9;14;20;23
907;1;9;14;20;24
908;1;9;14;20;25
909;1;9;14;21;24
910;1;9;14;21;25
911;1;9;14;22;25
912;1;9;15;19;22
913;1;9;15;19;23
914;1;9;15;19;24
915;1;9;15;19;25
916;1;9;15;20;23
917;1;9;15;20;24
918;1;9;15;20;25
919;1;9;15;21;24
920;1;9;15;21;25
921;1;9;15;22;25
922;1;9;16;20;23
923;1;9;16;20;24
924;1;9;16;20;25
925;1;9;16;21;24
926;1;9;16;21;25
927;1;9;16;22;25
928;1;9;17;21;24
929;1;9;17;21;25
930;1;9;17;22;25
931;1;9;18;22;25
932;1;10;14;18;21
933;1;10;14;18;22
934;1;10;14;18;23
935;1;10;14;18;24
936;1;10;14;18;25
937;1;10;14;19;22
938;1;10;14;19;23
939;1;10;14;19;24
940;1;10;14;19;25
941;1;10;14;20;23
942;1;10;14;20;24
943;1;10;14;20;25
944;1;10;14;21;24
945;1;10;14;21;25
946;1;10;14;22;25
947;1;10;15;19;22
948;1;10;15;19;23
949;1;10;15;19;24
950;1;10;15;19;25
951;1;10;15;20;23
952;1;10;15;20;24
953;1;10;15;20;25
954;1;10;15;21;24
955;1;10;15;21;25
956;1;10;15;22;25
957;1;10;16;20;23
958;1;10;16;20;24
959;1;10;16;20;25
960;1;10;16;21;24
961;1;10;16;21;25
962;1;10;16;22;25
963;1;10;17;21;24
964;1;10;17;21;25
965;1;10;17;22;25
966;1;10;18;22;25
967;1;11;15;19;22
968;1;11;15;19;23
969;1;11;15;19;24
970;1;11;15;19;25
971;1;11;15;20;23
972;1;11;15;20;24
973;1;11;15;20;25
974;1;11;15;21;24
975;1;11;15;21;25
976;1;11;15;22;25
977;1;11;16;20;23
978;1;11;16;20;24
979;1;11;16;20;25
980;1;11;16;21;24
981;1;11;16;21;25
982;1;11;16;22;25
983;1;11;17;21;24
984;1;11;17;21;25
985;1;11;17;22;25
986;1;11;18;22;25
987;1;12;16;20;23
988;1;12;16;20;24
989;1;12;16;20;25
990;1;12;16;21;24
991;1;12;16;21;25
992;1;12;16;22;25
993;1;12;17;21;24
994;1;12;17;21;25
995;1;12;17;22;25
996;1;12;18;22;25
997;1;13;17;21;24
998;1;13;17;21;25
999;1;13;17;22;25
1000;1;13;18;22;25
1001;1;14;18;22;25
1002;2;5;9;13;16
1003;2;5;9;13;17
1004;2;5;9;13;18
1005;2;5;9;13;19
1006;2;5;9;13;20
1007;2;5;9;13;21
1008;2;5;9;13;22
1009;2;5;9;13;23
1010;2;5;9;13;24
1011;2;5;9;13;25
1012;2;5;9;14;17
1013;2;5;9;14;18
1014;2;5;9;14;19
1015;2;5;9;14;20
1016;2;5;9;14;21
1017;2;5;9;14;22
1018;2;5;9;14;23
1019;2;5;9;14;24
1020;2;5;9;14;25
1021;2;5;9;15;18
1022;2;5;9;15;19
1023;2;5;9;15;20
1024;2;5;9;15;21
1025;2;5;9;15;22
1026;2;5;9;15;23
1027;2;5;9;15;24
1028;2;5;9;15;25
1029;2;5;9;16;19
1030;2;5;9;16;20
1031;2;5;9;16;21
1032;2;5;9;16;22
1033;2;5;9;16;23
1034;2;5;9;16;24
1035;2;5;9;16;25
1036;2;5;9;17;20
1037;2;5;9;17;21
1038;2;5;9;17;22
1039;2;5;9;17;23
1040;2;5;9;17;24
1041;2;5;9;17;25
1042;2;5;9;18;21
1043;2;5;9;18;22
1044;2;5;9;18;23
1045;2;5;9;18;24
1046;2;5;9;18;25
1047;2;5;9;19;22
1048;2;5;9;19;23
1049;2;5;9;19;24
1050;2;5;9;19;25
1051;2;5;9;20;23
1052;2;5;9;20;24
1053;2;5;9;20;25
1054;2;5;9;21;24
1055;2;5;9;21;25
1056;2;5;9;22;25
1057;2;5;10;14;17
1058;2;5;10;14;18
1059;2;5;10;14;19
1060;2;5;10;14;20
1061;2;5;10;14;21
1062;2;5;10;14;22
1063;2;5;10;14;23
1064;2;5;10;14;24
1065;2;5;10;14;25
1066;2;5;10;15;18
1067;2;5;10;15;19
1068;2;5;10;15;20
1069;2;5;10;15;21
1070;2;5;10;15;22
1071;2;5;10;15;23
1072;2;5;10;15;24
1073;2;5;10;15;25
1074;2;5;10;16;19
1075;2;5;10;16;20
1076;2;5;10;16;21
1077;2;5;10;16;22
1078;2;5;10;16;23
1079;2;5;10;16;24
1080;2;5;10;16;25
1081;2;5;10;17;20
1082;2;5;10;17;21
1083;2;5;10;17;22
1084;2;5;10;17;23
1085;2;5;10;17;24
1086;2;5;10;17;25
1087;2;5;10;18;21
1088;2;5;10;18;22
1089;2;5;10;18;23
1090;2;5;10;18;24
1091;2;5;10;18;25
1092;2;5;10;19;22
1093;2;5;10;19;23
1094;2;5;10;19;24
1095;2;5;10;19;25
1096;2;5;10;20;23
1097;2;5;10;20;24
1098;2;5;10;20;25
1099;2;5;10;21;24
1100;2;5;10;21;25
1101;2;5;10;22;25
1102;2;5;11;15;18
1103;2;5;11;15;19
1104;2;5;11;15;20
1105;2;5;11;15;21
1106;2;5;11;15;22
1107;2;5;11;15;23
1108;2;5;11;15;24
1109;2;5;11;15;25
1110;2;5;11;16;19
1111;2;5;11;16;20
1112;2;5;11;16;21
1113;2;5;11;16;22
1114;2;5;11;16;23
1115;2;5;11;16;24
1116;2;5;11;16;25
1117;2;5;11;17;20
1118;2;5;11;17;21
1119;2;5;11;17;22
1120;2;5;11;17;23
1121;2;5;11;17;24
1122;2;5;11;17;25
1123;2;5;11;18;21
1124;2;5;11;18;22
1125;2;5;11;18;23
1126;2;5;11;18;24
1127;2;5;11;18;25
1128;2;5;11;19;22
1129;2;5;11;19;23
1130;2;5;11;19;24
1131;2;5;11;19;25
1132;2;5;11;20;23
1133;2;5;11;20;24
1134;2;5;11;20;25
1135;2;5;11;21;24
1136;2;5;11;21;25
1137;2;5;11;22;25
1138;2;5;12;16;19
1139;2;5;12;16;20
1140;2;5;12;16;21
1141;2;5;12;16;22
1142;2;5;12;16;23
1143;2;5;12;16;24
1144;2;5;12;16;25
1145;2;5;12;17;20
1146;2;5;12;17;21
1147;2;5;12;17;22
1148;2;5;12;17;23
1149;2;5;12;17;24
1150;2;5;12;17;25
1151;2;5;12;18;21
1152;2;5;12;18;22
1153;2;5;12;18;23
1154;2;5;12;18;24
1155;2;5;12;18;25
1156;2;5;12;19;22
1157;2;5;12;19;23
1158;2;5;12;19;24
1159;2;5;12;19;25
1160;2;5;12;20;23
1161;2;5;12;20;24
1162;2;5;12;20;25
1163;2;5;12;21;24
1164;2;5;12;21;25
1165;2;5;12;22;25
1166;2;5;13;17;20
1167;2;5;13;17;21
1168;2;5;13;17;22
1169;2;5;13;17;23
1170;2;5;13;17;24
1171;2;5;13;17;25
1172;2;5;13;18;21
1173;2;5;13;18;22
1174;2;5;13;18;23
1175;2;5;13;18;24
1176;2;5;13;18;25
1177;2;5;13;19;22
1178;2;5;13;19;23
1179;2;5;13;19;24
1180;2;5;13;19;25
1181;2;5;13;20;23
1182;2;5;13;20;24
1183;2;5;13;20;25
1184;2;5;13;21;24
1185;2;5;13;21;25
1186;2;5;13;22;25
1187;2;5;14;18;21
1188;2;5;14;18;22
1189;2;5;14;18;23
1190;2;5;14;18;24
1191;2;5;14;18;25
1192;2;5;14;19;22
1193;2;5;14;19;23
1194;2;5;14;19;24
1195;2;5;14;19;25
1196;2;5;14;20;23
1197;2;5;14;20;24
1198;2;5;14;20;25
1199;2;5;14;21;24
1200;2;5;14;21;25
1201;2;5;14;22;25
1202;2;5;15;19;22
1203;2;5;15;19;23
1204;2;5;15;19;24
1205;2;5;15;19;25
1206;2;5;15;20;23
1207;2;5;15;20;24
1208;2;5;15;20;25
1209;2;5;15;21;24
1210;2;5;15;21;25
1211;2;5;15;22;25
1212;2;5;16;20;23
1213;2;5;16;20;24
1214;2;5;16;20;25
1215;2;5;16;21;24
1216;2;5;16;21;25
1217;2;5;16;22;25
1218;2;5;17;21;24
1219;2;5;17;21;25
1220;2;5;17;22;25
1221;2;5;18;22;25
1222;2;6;10;14;17
1223;2;6;10;14;18
1224;2;6;10;14;19
1225;2;6;10;14;20
1226;2;6;10;14;21
1227;2;6;10;14;22
1228;2;6;10;14;23
1229;2;6;10;14;24
1230;2;6;10;14;25
1231;2;6;10;15;18
1232;2;6;10;15;19
1233;2;6;10;15;20
1234;2;6;10;15;21
1235;2;6;10;15;22
1236;2;6;10;15;23
1237;2;6;10;15;24
1238;2;6;10;15;25
1239;2;6;10;16;19
1240;2;6;10;16;20
1241;2;6;10;16;21
1242;2;6;10;16;22
1243;2;6;10;16;23
1244;2;6;10;16;24
1245;2;6;10;16;25
1246;2;6;10;17;20
1247;2;6;10;17;21
1248;2;6;10;17;22
1249;2;6;10;17;23
1250;2;6;10;17;24
1251;2;6;10;17;25
1252;2;6;10;18;21
1253;2;6;10;18;22
1254;2;6;10;18;23
1255;2;6;10;18;24
1256;2;6;10;18;25
1257;2;6;10;19;22
1258;2;6;10;19;23
1259;2;6;10;19;24
1260;2;6;10;19;25
1261;2;6;10;20;23
1262;2;6;10;20;24
1263;2;6;10;20;25
1264;2;6;10;21;24
1265;2;6;10;21;25
1266;2;6;10;22;25
1267;2;6;11;15;18
1268;2;6;11;15;19
1269;2;6;11;15;20
1270;2;6;11;15;21
1271;2;6;11;15;22
1272;2;6;11;15;23
1273;2;6;11;15;24
1274;2;6;11;15;25
1275;2;6;11;16;19
1276;2;6;11;16;20
1277;2;6;11;16;21
1278;2;6;11;16;22
1279;2;6;11;16;23
1280;2;6;11;16;24
1281;2;6;11;16;25
1282;2;6;11;17;20
1283;2;6;11;17;21
1284;2;6;11;17;22
1285;2;6;11;17;23
1286;2;6;11;17;24
1287;2;6;11;17;25
1288;2;6;11;18;21
1289;2;6;11;18;22
1290;2;6;11;18;23
1291;2;6;11;18;24
1292;2;6;11;18;25
1293;2;6;11;19;22
1294;2;6;11;19;23
1295;2;6;11;19;24
1296;2;6;11;19;25
1297;2;6;11;20;23
1298;2;6;11;20;24
1299;2;6;11;20;25
1300;2;6;11;21;24
1301;2;6;11;21;25
1302;2;6;11;22;25
1303;2;6;12;16;19
1304;2;6;12;16;20
1305;2;6;12;16;21
1306;2;6;12;16;22
1307;2;6;12;16;23
1308;2;6;12;16;24
1309;2;6;12;16;25
1310;2;6;12;17;20
1311;2;6;12;17;21
1312;2;6;12;17;22
1313;2;6;12;17;23
1314;2;6;12;17;24
1315;2;6;12;17;25
1316;2;6;12;18;21
1317;2;6;12;18;22
1318;2;6;12;18;23
1319;2;6;12;18;24
1320;2;6;12;18;25
1321;2;6;12;19;22
1322;2;6;12;19;23
1323;2;6;12;19;24
1324;2;6;12;19;25
1325;2;6;12;20;23
1326;2;6;12;20;24
1327;2;6;12;20;25
1328;2;6;12;21;24
1329;2;6;12;21;25
1330;2;6;12;22;25
1331;2;6;13;17;20
1332;2;6;13;17;21
1333;2;6;13;17;22
1334;2;6;13;17;23
1335;2;6;13;17;24
1336;2;6;13;17;25
1337;2;6;13;18;21
1338;2;6;13;18;22
1339;2;6;13;18;23
1340;2;6;13;18;24
1341;2;6;13;18;25
1342;2;6;13;19;22
1343;2;6;13;19;23
1344;2;6;13;19;24
1345;2;6;13;19;25
1346;2;6;13;20;23
1347;2;6;13;20;24
1348;2;6;13;20;25
1349;2;6;13;21;24
1350;2;6;13;21;25
1351;2;6;13;22;25
1352;2;6;14;18;21
1353;2;6;14;18;22
1354;2;6;14;18;23
1355;2;6;14;18;24
1356;2;6;14;18;25
1357;2;6;14;19;22
1358;2;6;14;19;23
1359;2;6;14;19;24
1360;2;6;14;19;25
1361;2;6;14;20;23
1362;2;6;14;20;24
1363;2;6;14;20;25
1364;2;6;14;21;24
1365;2;6;14;21;25
1366;2;6;14;22;25
1367;2;6;15;19;22
1368;2;6;15;19;23
1369;2;6;15;19;24
1370;2;6;15;19;25
1371;2;6;15;20;23
1372;2;6;15;20;24
1373;2;6;15;20;25
1374;2;6;15;21;24
1375;2;6;15;21;25
1376;2;6;15;22;25
1377;2;6;16;20;23
1378;2;6;16;20;24
1379;2;6;16;20;25
1380;2;6;16;21;24
1381;2;6;16;21;25
1382;2;6;16;22;25
1383;2;6;17;21;24
1384;2;6;17;21;25
1385;2;6;17;22;25
1386;2;6;18;22;25
1387;2;7;11;15;18
1388;2;7;11;15;19
1389;2;7;11;15;20
1390;2;7;11;15;21
1391;2;7;11;15;22
1392;2;7;11;15;23
1393;2;7;11;15;24
1394;2;7;11;15;25
1395;2;7;11;16;19
1396;2;7;11;16;20
1397;2;7;11;16;21
1398;2;7;11;16;22
1399;2;7;11;16;23
1400;2;7;11;16;24
1401;2;7;11;16;25
1402;2;7;11;17;20
1403;2;7;11;17;21
1404;2;7;11;17;22
1405;2;7;11;17;23
1406;2;7;11;17;24
1407;2;7;11;17;25
1408;2;7;11;18;21
1409;2;7;11;18;22
1410;2;7;11;18;23
1411;2;7;11;18;24
1412;2;7;11;18;25
1413;2;7;11;19;22
1414;2;7;11;19;23
1415;2;7;11;19;24
1416;2;7;11;19;25
1417;2;7;11;20;23
1418;2;7;11;20;24
1419;2;7;11;20;25
1420;2;7;11;21;24
1421;2;7;11;21;25
1422;2;7;11;22;25
1423;2;7;12;16;19
1424;2;7;12;16;20
1425;2;7;12;16;21
1426;2;7;12;16;22
1427;2;7;12;16;23
1428;2;7;12;16;24
1429;2;7;12;16;25
1430;2;7;12;17;20
1431;2;7;12;17;21
1432;2;7;12;17;22
1433;2;7;12;17;23
1434;2;7;12;17;24
1435;2;7;12;17;25
1436;2;7;12;18;21
1437;2;7;12;18;22
1438;2;7;12;18;23
1439;2;7;12;18;24
1440;2;7;12;18;25
1441;2;7;12;19;22
1442;2;7;12;19;23
1443;2;7;12;19;24
1444;2;7;12;19;25
1445;2;7;12;20;23
1446;2;7;12;20;24
1447;2;7;12;20;25
1448;2;7;12;21;24
1449;2;7;12;21;25
1450;2;7;12;22;25
1451;2;7;13;17;20
1452;2;7;13;17;21
1453;2;7;13;17;22
1454;2;7;13;17;23
1455;2;7;13;17;24
1456;2;7;13;17;25
1457;2;7;13;18;21
1458;2;7;13;18;22
1459;2;7;13;18;23
1460;2;7;13;18;24
1461;2;7;13;18;25
1462;2;7;13;19;22
1463;2;7;13;19;23
1464;2;7;13;19;24
1465;2;7;13;19;25
1466;2;7;13;20;23
1467;2;7;13;20;24
1468;2;7;13;20;25
1469;2;7;13;21;24
1470;2;7;13;21;25
1471;2;7;13;22;25
1472;2;7;14;18;21
1473;2;7;14;18;22
1474;2;7;14;18;23
1475;2;7;14;18;24
1476;2;7;14;18;25
1477;2;7;14;19;22
1478;2;7;14;19;23
1479;2;7;14;19;24
1480;2;7;14;19;25
1481;2;7;14;20;23
1482;2;7;14;20;24
1483;2;7;14;20;25
1484;2;7;14;21;24
1485;2;7;14;21;25
1486;2;7;14;22;25
1487;2;7;15;19;22
1488;2;7;15;19;23
1489;2;7;15;19;24
1490;2;7;15;19;25
1491;2;7;15;20;23
1492;2;7;15;20;24
1493;2;7;15;20;25
1494;2;7;15;21;24
1495;2;7;15;21;25
1496;2;7;15;22;25
1497;2;7;16;20;23
1498;2;7;16;20;24
1499;2;7;16;20;25
1500;2;7;16;21;24
1501;2;7;16;21;25
1502;2;7;16;22;25
1503;2;7;17;21;24
1504;2;7;17;21;25
1505;2;7;17;22;25
1506;2;7;18;22;25
1507;2;8;12;16;19
1508;2;8;12;16;20
1509;2;8;12;16;21
1510;2;8;12;16;22
1511;2;8;12;16;23
1512;2;8;12;16;24
1513;2;8;12;16;25
1514;2;8;12;17;20
1515;2;8;12;17;21
1516;2;8;12;17;22
1517;2;8;12;17;23
1518;2;8;12;17;24
1519;2;8;12;17;25
1520;2;8;12;18;21
1521;2;8;12;18;22
1522;2;8;12;18;23
1523;2;8;12;18;24
1524;2;8;12;18;25
1525;2;8;12;19;22
1526;2;8;12;19;23
1527;2;8;12;19;24
1528;2;8;12;19;25
1529;2;8;12;20;23
1530;2;8;12;20;24
1531;2;8;12;20;25
1532;2;8;12;21;24
1533;2;8;12;21;25
1534;2;8;12;22;25
1535;2;8;13;17;20
1536;2;8;13;17;21
1537;2;8;13;17;22
1538;2;8;13;17;23
1539;2;8;13;17;24
1540;2;8;13;17;25
1541;2;8;13;18;21
1542;2;8;13;18;22
1543;2;8;13;18;23
1544;2;8;13;18;24
1545;2;8;13;18;25
1546;2;8;13;19;22
1547;2;8;13;19;23
1548;2;8;13;19;24
1549;2;8;13;19;25
1550;2;8;13;20;23
1551;2;8;13;20;24
1552;2;8;13;20;25
1553;2;8;13;21;24
1554;2;8;13;21;25
1555;2;8;13;22;25
1556;2;8;14;18;21
1557;2;8;14;18;22
1558;2;8;14;18;23
1559;2;8;14;18;24
1560;2;8;14;18;25
1561;2;8;14;19;22
1562;2;8;14;19;23
1563;2;8;14;19;24
1564;2;8;14;19;25
1565;2;8;14;20;23
1566;2;8;14;20;24
1567;2;8;14;20;25
1568;2;8;14;21;24
1569;2;8;14;21;25
1570;2;8;14;22;25
1571;2;8;15;19;22
1572;2;8;15;19;23
1573;2;8;15;19;24
1574;2;8;15;19;25
1575;2;8;15;20;23
1576;2;8;15;20;24
1577;2;8;15;20;25
1578;2;8;15;21;24
1579;2;8;15;21;25
1580;2;8;15;22;25
1581;2;8;16;20;23
1582;2;8;16;20;24
1583;2;8;16;20;25
1584;2;8;16;21;24
1585;2;8;16;21;25
1586;2;8;16;22;25
1587;2;8;17;21;24
1588;2;8;17;21;25
1589;2;8;17;22;25
1590;2;8;18;22;25
1591;2;9;13;17;20
1592;2;9;13;17;21
1593;2;9;13;17;22
1594;2;9;13;17;23
1595;2;9;13;17;24
1596;2;9;13;17;25
1597;2;9;13;18;21
1598;2;9;13;18;22
1599;2;9;13;18;23
1600;2;9;13;18;24
1601;2;9;13;18;25
1602;2;9;13;19;22
1603;2;9;13;19;23
1604;2;9;13;19;24
1605;2;9;13;19;25
1606;2;9;13;20;23
1607;2;9;13;20;24
1608;2;9;13;20;25
1609;2;9;13;21;24
1610;2;9;13;21;25
1611;2;9;13;22;25
1612;2;9;14;18;21
1613;2;9;14;18;22
1614;2;9;14;18;23
1615;2;9;14;18;24
1616;2;9;14;18;25
1617;2;9;14;19;22
1618;2;9;14;19;23
1619;2;9;14;19;24
1620;2;9;14;19;25
1621;2;9;14;20;23
1622;2;9;14;20;24
1623;2;9;14;20;25
1624;2;9;14;21;24
1625;2;9;14;21;25
1626;2;9;14;22;25
1627;2;9;15;19;22
1628;2;9;15;19;23
1629;2;9;15;19;24
1630;2;9;15;19;25
1631;2;9;15;20;23
1632;2;9;15;20;24
1633;2;9;15;20;25
1634;2;9;15;21;24
1635;2;9;15;21;25
1636;2;9;15;22;25
1637;2;9;16;20;23
1638;2;9;16;20;24
1639;2;9;16;20;25
1640;2;9;16;21;24
1641;2;9;16;21;25
1642;2;9;16;22;25
1643;2;9;17;21;24
1644;2;9;17;21;25
1645;2;9;17;22;25
1646;2;9;18;22;25
1647;2;10;14;18;21
1648;2;10;14;18;22
1649;2;10;14;18;23
1650;2;10;14;18;24
1651;2;10;14;18;25
1652;2;10;14;19;22
1653;2;10;14;19;23
1654;2;10;14;19;24
1655;2;10;14;19;25
1656;2;10;14;20;23
1657;2;10;14;20;24
1658;2;10;14;20;25
1659;2;10;14;21;24
1660;2;10;14;21;25
1661;2;10;14;22;25
1662;2;10;15;19;22
1663;2;10;15;19;23
1664;2;10;15;19;24
1665;2;10;15;19;25
1666;2;10;15;20;23
1667;2;10;15;20;24
1668;2;10;15;20;25
1669;2;10;15;21;24
1670;2;10;15;21;25
1671;2;10;15;22;25
1672;2;10;16;20;23
1673;2;10;16;20;24
1674;2;10;16;20;25
1675;2;10;16;21;24
1676;2;10;16;21;25
1677;2;10;16;22;25
1678;2;10;17;21;24
1679;2;10;17;21;25
1680;2;10;17;22;25
1681;2;10;18;22;25
1682;2;11;15;19;22
1683;2;11;15;19;23
1684;2;11;15;19;24
1685;2;11;15;19;25
1686;2;11;15;20;23
1687;2;11;15;20;24
1688;2;11;15;20;25
1689;2;11;15;21;24
1690;2;11;15;21;25
1691;2;11;15;22;25
1692;2;11;16;20;23
1693;2;11;16;20;24
1694;2;11;16;20;25
1695;2;11;16;21;24
1696;2;11;16;21;25
1697;2;11;16;22;25
1698;2;11;17;21;24
1699;2;11;17;21;25
1700;2;11;17;22;25
1701;2;11;18;22;25
1702;2;12;16;20;23
1703;2;12;16;20;24
1704;2;12;16;20;25
1705;2;12;16;21;24
1706;2;12;16;21;25
1707;2;12;16;22;25
1708;2;12;17;21;24
1709;2;12;17;21;25
1710;2;12;17;22;25
1711;2;12;18;22;25
1712;2;13;17;21;24
1713;2;13;17;21;25
1714;2;13;17;22;25
1715;2;13;18;22;25
1716;2;14;18;22;25
1717;3;6;10;14;17
1718;3;6;10;14;18
1719;3;6;10;14;19
1720;3;6;10;14;20
1721;3;6;10;14;21
1722;3;6;10;14;22
1723;3;6;10;14;23
1724;3;6;10;14;24
1725;3;6;10;14;25
1726;3;6;10;15;18
1727;3;6;10;15;19
1728;3;6;10;15;20
1729;3;6;10;15;21
1730;3;6;10;15;22
1731;3;6;10;15;23
1732;3;6;10;15;24
1733;3;6;10;15;25
1734;3;6;10;16;19
1735;3;6;10;16;20
1736;3;6;10;16;21
1737;3;6;10;16;22
1738;3;6;10;16;23
1739;3;6;10;16;24
1740;3;6;10;16;25
1741;3;6;10;17;20
1742;3;6;10;17;21
1743;3;6;10;17;22
1744;3;6;10;17;23
1745;3;6;10;17;24
1746;3;6;10;17;25
1747;3;6;10;18;21
1748;3;6;10;18;22
1749;3;6;10;18;23
1750;3;6;10;18;24
1751;3;6;10;18;25
1752;3;6;10;19;22
1753;3;6;10;19;23
1754;3;6;10;19;24
1755;3;6;10;19;25
1756;3;6;10;20;23
1757;3;6;10;20;24
1758;3;6;10;20;25
1759;3;6;10;21;24
1760;3;6;10;21;25
1761;3;6;10;22;25
1762;3;6;11;15;18
1763;3;6;11;15;19
1764;3;6;11;15;20
1765;3;6;11;15;21
1766;3;6;11;15;22
1767;3;6;11;15;23
1768;3;6;11;15;24
1769;3;6;11;15;25
1770;3;6;11;16;19
1771;3;6;11;16;20
1772;3;6;11;16;21
1773;3;6;11;16;22
1774;3;6;11;16;23
1775;3;6;11;16;24
1776;3;6;11;16;25
1777;3;6;11;17;20
1778;3;6;11;17;21
1779;3;6;11;17;22
1780;3;6;11;17;23
1781;3;6;11;17;24
1782;3;6;11;17;25
1783;3;6;11;18;21
1784;3;6;11;18;22
1785;3;6;11;18;23
1786;3;6;11;18;24
1787;3;6;11;18;25
1788;3;6;11;19;22
1789;3;6;11;19;23
1790;3;6;11;19;24
1791;3;6;11;19;25
1792;3;6;11;20;23
1793;3;6;11;20;24
1794;3;6;11;20;25
1795;3;6;11;21;24
1796;3;6;11;21;25
1797;3;6;11;22;25
1798;3;6;12;16;19
1799;3;6;12;16;20
1800;3;6;12;16;21
1801;3;6;12;16;22
1802;3;6;12;16;23
1803;3;6;12;16;24
1804;3;6;12;16;25
1805;3;6;12;17;20
1806;3;6;12;17;21
1807;3;6;12;17;22
1808;3;6;12;17;23
1809;3;6;12;17;24
1810;3;6;12;17;25
1811;3;6;12;18;21
1812;3;6;12;18;22
1813;3;6;12;18;23
1814;3;6;12;18;24
1815;3;6;12;18;25
1816;3;6;12;19;22
1817;3;6;12;19;23
1818;3;6;12;19;24
1819;3;6;12;19;25
1820;3;6;12;20;23
1821;3;6;12;20;24
1822;3;6;12;20;25
1823;3;6;12;21;24
1824;3;6;12;21;25
1825;3;6;12;22;25
1826;3;6;13;17;20
1827;3;6;13;17;21
1828;3;6;13;17;22
1829;3;6;13;17;23
1830;3;6;13;17;24
1831;3;6;13;17;25
1832;3;6;13;18;21
1833;3;6;13;18;22
1834;3;6;13;18;23
1835;3;6;13;18;24
1836;3;6;13;18;25
1837;3;6;13;19;22
1838;3;6;13;19;23
1839;3;6;13;19;24
1840;3;6;13;19;25
1841;3;6;13;20;23
1842;3;6;13;20;24
1843;3;6;13;20;25
1844;3;6;13;21;24
1845;3;6;13;21;25
1846;3;6;13;22;25
1847;3;6;14;18;21
1848;3;6;14;18;22
1849;3;6;14;18;23
1850;3;6;14;18;24
1851;3;6;14;18;25
1852;3;6;14;19;22
1853;3;6;14;19;23
1854;3;6;14;19;24
1855;3;6;14;19;25
1856;3;6;14;20;23
1857;3;6;14;20;24
1858;3;6;14;20;25
1859;3;6;14;21;24
1860;3;6;14;21;25
1861;3;6;14;22;25
1862;3;6;15;19;22
1863;3;6;15;19;23
1864;3;6;15;19;24
1865;3;6;15;19;25
1866;3;6;15;20;23
1867;3;6;15;20;24
1868;3;6;15;20;25
1869;3;6;15;21;24
1870;3;6;15;21;25
1871;3;6;15;22;25
1872;3;6;16;20;23
1873;3;6;16;20;24
1874;3;6;16;20;25
1875;3;6;16;21;24
1876;3;6;16;21;25
1877;3;6;16;22;25
1878;3;6;17;21;24
1879;3;6;17;21;25
1880;3;6;17;22;25
1881;3;6;18;22;25
1882;3;7;11;15;18
1883;3;7;11;15;19
1884;3;7;11;15;20
1885;3;7;11;15;21
1886;3;7;11;15;22
1887;3;7;11;15;23
1888;3;7;11;15;24
1889;3;7;11;15;25
1890;3;7;11;16;19
1891;3;7;11;16;20
1892;3;7;11;16;21
1893;3;7;11;16;22
1894;3;7;11;16;23
1895;3;7;11;16;24
1896;3;7;11;16;25
1897;3;7;11;17;20
1898;3;7;11;17;21
1899;3;7;11;17;22
1900;3;7;11;17;23
1901;3;7;11;17;24
1902;3;7;11;17;25
1903;3;7;11;18;21
1904;3;7;11;18;22
1905;3;7;11;18;23
1906;3;7;11;18;24
1907;3;7;11;18;25
1908;3;7;11;19;22
1909;3;7;11;19;23
1910;3;7;11;19;24
1911;3;7;11;19;25
1912;3;7;11;20;23
1913;3;7;11;20;24
1914;3;7;11;20;25
1915;3;7;11;21;24
1916;3;7;11;21;25
1917;3;7;11;22;25
1918;3;7;12;16;19
1919;3;7;12;16;20
1920;3;7;12;16;21
1921;3;7;12;16;22
1922;3;7;12;16;23
1923;3;7;12;16;24
1924;3;7;12;16;25
1925;3;7;12;17;20
1926;3;7;12;17;21
1927;3;7;12;17;22
1928;3;7;12;17;23
1929;3;7;12;17;24
1930;3;7;12;17;25
1931;3;7;12;18;21
1932;3;7;12;18;22
1933;3;7;12;18;23
1934;3;7;12;18;24
1935;3;7;12;18;25
1936;3;7;12;19;22
1937;3;7;12;19;23
1938;3;7;12;19;24
1939;3;7;12;19;25
1940;3;7;12;20;23
1941;3;7;12;20;24
1942;3;7;12;20;25
1943;3;7;12;21;24
1944;3;7;12;21;25
1945;3;7;12;22;25
1946;3;7;13;17;20
1947;3;7;13;17;21
1948;3;7;13;17;22
1949;3;7;13;17;23
1950;3;7;13;17;24
1951;3;7;13;17;25
1952;3;7;13;18;21
1953;3;7;13;18;22
1954;3;7;13;18;23
1955;3;7;13;18;24
1956;3;7;13;18;25
1957;3;7;13;19;22
1958;3;7;13;19;23
1959;3;7;13;19;24
1960;3;7;13;19;25
1961;3;7;13;20;23
1962;3;7;13;20;24
1963;3;7;13;20;25
1964;3;7;13;21;24
1965;3;7;13;21;25
1966;3;7;13;22;25
1967;3;7;14;18;21
1968;3;7;14;18;22
1969;3;7;14;18;23
1970;3;7;14;18;24
1971;3;7;14;18;25
1972;3;7;14;19;22
1973;3;7;14;19;23
1974;3;7;14;19;24
1975;3;7;14;19;25
1976;3;7;14;20;23
1977;3;7;14;20;24
1978;3;7;14;20;25
1979;3;7;14;21;24
1980;3;7;14;21;25
1981;3;7;14;22;25
1982;3;7;15;19;22
1983;3;7;15;19;23
1984;3;7;15;19;24
1985;3;7;15;19;25
1986;3;7;15;20;23
1987;3;7;15;20;24
1988;3;7;15;20;25
1989;3;7;15;21;24
1990;3;7;15;21;25
1991;3;7;15;22;25
1992;3;7;16;20;23
1993;3;7;16;20;24
1994;3;7;16;20;25
1995;3;7;16;21;24
1996;3;7;16;21;25
1997;3;7;16;22;25
1998;3;7;17;21;24
1999;3;7;17;21;25
2000;3;7;17;22;25
2001;3;7;18;22;25
2002;3;8;12;16;19
2003;3;8;12;16;20
2004;3;8;12;16;21
2005;3;8;12;16;22
2006;3;8;12;16;23
2007;3;8;12;16;24
2008;3;8;12;16;25
2009;3;8;12;17;20
2010;3;8;12;17;21
2011;3;8;12;17;22
2012;3;8;12;17;23
2013;3;8;12;17;24
2014;3;8;12;17;25
2015;3;8;12;18;21
2016;3;8;12;18;22
2017;3;8;12;18;23
2018;3;8;12;18;24
2019;3;8;12;18;25
2020;3;8;12;19;22
2021;3;8;12;19;23
2022;3;8;12;19;24
2023;3;8;12;19;25
2024;3;8;12;20;23
2025;3;8;12;20;24
2026;3;8;12;20;25
2027;3;8;12;21;24
2028;3;8;12;21;25
2029;3;8;12;22;25
2030;3;8;13;17;20
2031;3;8;13;17;21
2032;3;8;13;17;22
2033;3;8;13;17;23
2034;3;8;13;17;24
2035;3;8;13;17;25
2036;3;8;13;18;21
2037;3;8;13;18;22
2038;3;8;13;18;23
2039;3;8;13;18;24
2040;3;8;13;18;25
2041;3;8;13;19;22
2042;3;8;13;19;23
2043;3;8;13;19;24
2044;3;8;13;19;25
2045;3;8;13;20;23
2046;3;8;13;20;24
2047;3;8;13;20;25
2048;3;8;13;21;24
2049;3;8;13;21;25
2050;3;8;13;22;25
2051;3;8;14;18;21
2052;3;8;14;18;22
2053;3;8;14;18;23
2054;3;8;14;18;24
2055;3;8;14;18;25
2056;3;8;14;19;22
2057;3;8;14;19;23
2058;3;8;14;19;24
2059;3;8;14;19;25
2060;3;8;14;20;23
2061;3;8;14;20;24
2062;3;8;14;20;25
2063;3;8;14;21;24
2064;3;8;14;21;25
2065;3;8;14;22;25
2066;3;8;15;19;22
2067;3;8;15;19;23
2068;3;8;15;19;24
2069;3;8;15;19;25
2070;3;8;15;20;23
2071;3;8;15;20;24
2072;3;8;15;20;25
2073;3;8;15;21;24
2074;3;8;15;21;25
2075;3;8;15;22;25
2076;3;8;16;20;23
2077;3;8;16;20;24
2078;3;8;16;20;25
2079;3;8;16;21;24
2080;3;8;16;21;25
2081;3;8;16;22;25
2082;3;8;17;21;24
2083;3;8;17;21;25
2084;3;8;17;22;25
2085;3;8;18;22;25
2086;3;9;13;17;20
2087;3;9;13;17;21
2088;3;9;13;17;22
2089;3;9;13;17;23
2090;3;9;13;17;24
2091;3;9;13;17;25
2092;3;9;13;18;21
2093;3;9;13;18;22
2094;3;9;13;18;23
2095;3;9;13;18;24
2096;3;9;13;18;25
2097;3;9;13;19;22
2098;3;9;13;19;23
2099;3;9;13;19;24
2100;3;9;13;19;25
2101;3;9;13;20;23
2102;3;9;13;20;24
2103;3;9;13;20;25
2104;3;9;13;21;24
2105;3;9;13;21;25
2106;3;9;13;22;25
2107;3;9;14;18;21
2108;3;9;14;18;22
2109;3;9;14;18;23
2110;3;9;14;18;24
2111;3;9;14;18;25
2112;3;9;14;19;22
2113;3;9;14;19;23
2114;3;9;14;19;24
2115;3;9;14;19;25
2116;3;9;14;20;23
2117;3;9;14;20;24
2118;3;9;14;20;25
2119;3;9;14;21;24
2120;3;9;14;21;25
2121;3;9;14;22;25
2122;3;9;15;19;22
2123;3;9;15;19;23
2124;3;9;15;19;24
2125;3;9;15;19;25
2126;3;9;15;20;23
2127;3;9;15;20;24
2128;3;9;15;20;25
2129;3;9;15;21;24
2130;3;9;15;21;25
2131;3;9;15;22;25
2132;3;9;16;20;23
2133;3;9;16;20;24
2134;3;9;16;20;25
2135;3;9;16;21;24
2136;3;9;16;21;25
2137;3;9;16;22;25
2138;3;9;17;21;24
2139;3;9;17;21;25
2140;3;9;17;22;25
2141;3;9;18;22;25
2142;3;10;14;18;21
2143;3;10;14;18;22
2144;3;10;14;18;23
2145;3;10;14;18;24
2146;3;10;14;18;25
2147;3;10;14;19;22
2148;3;10;14;19;23
2149;3;10;14;19;24
2150;3;10;14;19;25
2151;3;10;14;20;23
2152;3;10;14;20;24
2153;3;10;14;20;25
2154;3;10;14;21;24
2155;3;10;14;21;25
2156;3;10;14;22;25
2157;3;10;15;19;22
2158;3;10;15;19;23
2159;3;10;15;19;24
2160;3;10;15;19;25
2161;3;10;15;20;23
2162;3;10;15;20;24
2163;3;10;15;20;25
2164;3;10;15;21;24
2165;3;10;15;21;25
2166;3;10;15;22;25
2167;3;10;16;20;23
2168;3;10;16;20;24
2169;3;10;16;20;25
2170;3;10;16;21;24
2171;3;10;16;21;25
2172;3;10;16;22;25
2173;3;10;17;21;24
2174;3;10;17;21;25
2175;3;10;17;22;25
2176;3;10;18;22;25
2177;3;11;15;19;22
2178;3;11;15;19;23
2179;3;11;15;19;24
2180;3;11;15;19;25
2181;3;11;15;20;23
2182;3;11;15;20;24
2183;3;11;15;20;25
2184;3;11;15;21;24
2185;3;11;15;21;25
2186;3;11;15;22;25
2187;3;11;16;20;23
2188;3;11;16;20;24
2189;3;11;16;20;25
2190;3;11;16;21;24
2191;3;11;16;21;25
2192;3;11;16;22;25
2193;3;11;17;21;24
2194;3;11;17;21;25
2195;3;11;17;22;25
2196;3;11;18;22;25
2197;3;12;16;20;23
2198;3;12;16;20;24
2199;3;12;16;20;25
2200;3;12;16;21;24
2201;3;12;16;21;25
2202;3;12;16;22;25
2203;3;12;17;21;24
2204;3;12;17;21;25
2205;3;12;17;22;25
2206;3;12;18;22;25
2207;3;13;17;21;24
2208;3;13;17;21;25
2209;3;13;17;22;25
2210;3;13;18;22;25
2211;3;14;18;22;25
2212;4;7;11;15;18
2213;4;7;11;15;19
2214;4;7;11;15;20
2215;4;7;11;15;21
2216;4;7;11;15;22
2217;4;7;11;15;23
2218;4;7;11;15;24
2219;4;7;11;15;25
2220;4;7;11;16;19
2221;4;7;11;16;20
2222;4;7;11;16;21
2223;4;7;11;16;22
2224;4;7;11;16;23
2225;4;7;11;16;24
2226;4;7;11;16;25
2227;4;7;11;17;20
2228;4;7;11;17;21
2229;4;7;11;17;22
2230;4;7;11;17;23
2231;4;7;11;17;24
2232;4;7;11;17;25
2233;4;7;11;18;21
2234;4;7;11;18;22
2235;4;7;11;18;23
2236;4;7;11;18;24
2237;4;7;11;18;25
2238;4;7;11;19;22
2239;4;7;11;19;23
2240;4;7;11;19;24
2241;4;7;11;19;25
2242;4;7;11;20;23
2243;4;7;11;20;24
2244;4;7;11;20;25
2245;4;7;11;21;24
2246;4;7;11;21;25
2247;4;7;11;22;25
2248;4;7;12;16;19
2249;4;7;12;16;20
2250;4;7;12;16;21
2251;4;7;12;16;22
2252;4;7;12;16;23
2253;4;7;12;16;24
2254;4;7;12;16;25
2255;4;7;12;17;20
2256;4;7;12;17;21
2257;4;7;12;17;22
2258;4;7;12;17;23
2259;4;7;12;17;24
2260;4;7;12;17;25
2261;4;7;12;18;21
2262;4;7;12;18;22
2263;4;7;12;18;23
2264;4;7;12;18;24
2265;4;7;12;18;25
2266;4;7;12;19;22
2267;4;7;12;19;23
2268;4;7;12;19;24
2269;4;7;12;19;25
2270;4;7;12;20;23
2271;4;7;12;20;24
2272;4;7;12;20;25
2273;4;7;12;21;24
2274;4;7;12;21;25
2275;4;7;12;22;25
2276;4;7;13;17;20
2277;4;7;13;17;21
2278;4;7;13;17;22
2279;4;7;13;17;23
2280;4;7;13;17;24
2281;4;7;13;17;25
2282;4;7;13;18;21
2283;4;7;13;18;22
2284;4;7;13;18;23
2285;4;7;13;18;24
2286;4;7;13;18;25
2287;4;7;13;19;22
2288;4;7;13;19;23
2289;4;7;13;19;24
2290;4;7;13;19;25
2291;4;7;13;20;23
2292;4;7;13;20;24
2293;4;7;13;20;25
2294;4;7;13;21;24
2295;4;7;13;21;25
2296;4;7;13;22;25
2297;4;7;14;18;21
2298;4;7;14;18;22
2299;4;7;14;18;23
2300;4;7;14;18;24
2301;4;7;14;18;25
2302;4;7;14;19;22
2303;4;7;14;19;23
2304;4;7;14;19;24
2305;4;7;14;19;25
2306;4;7;14;20;23
2307;4;7;14;20;24
2308;4;7;14;20;25
2309;4;7;14;21;24
2310;4;7;14;21;25
2311;4;7;14;22;25
2312;4;7;15;19;22
2313;4;7;15;19;23
2314;4;7;15;19;24
2315;4;7;15;19;25
2316;4;7;15;20;23
2317;4;7;15;20;24
2318;4;7;15;20;25
2319;4;7;15;21;24
2320;4;7;15;21;25
2321;4;7;15;22;25
2322;4;7;16;20;23
2323;4;7;16;20;24
2324;4;7;16;20;25
2325;4;7;16;21;24
2326;4;7;16;21;25
2327;4;7;16;22;25
2328;4;7;17;21;24
2329;4;7;17;21;25
2330;4;7;17;22;25
2331;4;7;18;22;25
2332;4;8;12;16;19
2333;4;8;12;16;20
2334;4;8;12;16;21
2335;4;8;12;16;22
2336;4;8;12;16;23
2337;4;8;12;16;24
2338;4;8;12;16;25
2339;4;8;12;17;20
2340;4;8;12;17;21
2341;4;8;12;17;22
2342;4;8;12;17;23
2343;4;8;12;17;24
2344;4;8;12;17;25
2345;4;8;12;18;21
2346;4;8;12;18;22
2347;4;8;12;18;23
2348;4;8;12;18;24
2349;4;8;12;18;25
2350;4;8;12;19;22
2351;4;8;12;19;23
2352;4;8;12;19;24
2353;4;8;12;19;25
2354;4;8;12;20;23
2355;4;8;12;20;24
2356;4;8;12;20;25
2357;4;8;12;21;24
2358;4;8;12;21;25
2359;4;8;12;22;25
2360;4;8;13;17;20
2361;4;8;13;17;21
2362;4;8;13;17;22
2363;4;8;13;17;23
2364;4;8;13;17;24
2365;4;8;13;17;25
2366;4;8;13;18;21
2367;4;8;13;18;22
2368;4;8;13;18;23
2369;4;8;13;18;24
2370;4;8;13;18;25
2371;4;8;13;19;22
2372;4;8;13;19;23
2373;4;8;13;19;24
2374;4;8;13;19;25
2375;4;8;13;20;23
2376;4;8;13;20;24
2377;4;8;13;20;25
2378;4;8;13;21;24
2379;4;8;13;21;25
2380;4;8;13;22;25
2381;4;8;14;18;21
2382;4;8;14;18;22
2383;4;8;14;18;23
2384;4;8;14;18;24
2385;4;8;14;18;25
2386;4;8;14;19;22
2387;4;8;14;19;23
2388;4;8;14;19;24
2389;4;8;14;19;25
2390;4;8;14;20;23
2391;4;8;14;20;24
2392;4;8;14;20;25
2393;4;8;14;21;24
2394;4;8;14;21;25
2395;4;8;14;22;25
2396;4;8;15;19;22
2397;4;8;15;19;23
2398;4;8;15;19;24
2399;4;8;15;19;25
2400;4;8;15;20;23
2401;4;8;15;20;24
2402;4;8;15;20;25
2403;4;8;15;21;24
2404;4;8;15;21;25
2405;4;8;15;22;25
2406;4;8;16;20;23
2407;4;8;16;20;24
2408;4;8;16;20;25
2409;4;8;16;21;24
2410;4;8;16;21;25
2411;4;8;16;22;25
2412;4;8;17;21;24
2413;4;8;17;21;25
2414;4;8;17;22;25
2415;4;8;18;22;25
2416;4;9;13;17;20
2417;4;9;13;17;21
2418;4;9;13;17;22
2419;4;9;13;17;23
2420;4;9;13;17;24
2421;4;9;13;17;25
2422;4;9;13;18;21
2423;4;9;13;18;22
2424;4;9;13;18;23
2425;4;9;13;18;24
2426;4;9;13;18;25
2427;4;9;13;19;22
2428;4;9;13;19;23
2429;4;9;13;19;24
2430;4;9;13;19;25
2431;4;9;13;20;23
2432;4;9;13;20;24
2433;4;9;13;20;25
2434;4;9;13;21;24
2435;4;9;13;21;25
2436;4;9;13;22;25
2437;4;9;14;18;21
2438;4;9;14;18;22
2439;4;9;14;18;23
2440;4;9;14;18;24
2441;4;9;14;18;25
2442;4;9;14;19;22
2443;4;9;14;19;23
2444;4;9;14;19;24
2445;4;9;14;19;25
2446;4;9;14;20;23
2447;4;9;14;20;24
2448;4;9;14;20;25
2449;4;9;14;21;24
2450;4;9;14;21;25
2451;4;9;14;22;25
2452;4;9;15;19;22
2453;4;9;15;19;23
2454;4;9;15;19;24
2455;4;9;15;19;25
2456;4;9;15;20;23
2457;4;9;15;20;24
2458;4;9;15;20;25
2459;4;9;15;21;24
2460;4;9;15;21;25
2461;4;9;15;22;25
2462;4;9;16;20;23
2463;4;9;16;20;24
2464;4;9;16;20;25
2465;4;9;16;21;24
2466;4;9;16;21;25
2467;4;9;16;22;25
2468;4;9;17;21;24
2469;4;9;17;21;25
2470;4;9;17;22;25
2471;4;9;18;22;25
2472;4;10;14;18;21
2473;4;10;14;18;22
2474;4;10;14;18;23
2475;4;10;14;18;24
2476;4;10;14;18;25
2477;4;10;14;19;22
2478;4;10;14;19;23
2479;4;10;14;19;24
2480;4;10;14;19;25
2481;4;10;14;20;23
2482;4;10;14;20;24
2483;4;10;14;20;25
2484;4;10;14;21;24
2485;4;10;14;21;25
2486;4;10;14;22;25
2487;4;10;15;19;22
2488;4;10;15;19;23
2489;4;10;15;19;24
2490;4;10;15;19;25
2491;4;10;15;20;23
2492;4;10;15;20;24
2493;4;10;15;20;25
2494;4;10;15;21;24
2495;4;10;15;21;25
2496;4;10;15;22;25
2497;4;10;16;20;23
2498;4;10;16;20;24
2499;4;10;16;20;25
2500;4;10;16;21;24
2501;4;10;16;21;25
2502;4;10;16;22;25
2503;4;10;17;21;24
2504;4;10;17;21;25
2505;4;10;17;22;25
2506;4;10;18;22;25
2507;4;11;15;19;22
2508;4;11;15;19;23
2509;4;11;15;19;24
2510;4;11;15;19;25
2511;4;11;15;20;23
2512;4;11;15;20;24
2513;4;11;15;20;25
2514;4;11;15;21;24
2515;4;11;15;21;25
2516;4;11;15;22;25
2517;4;11;16;20;23
2518;4;11;16;20;24
2519;4;11;16;20;25
2520;4;11;16;21;24
2521;4;11;16;21;25
2522;4;11;16;22;25
2523;4;11;17;21;24
2524;4;11;17;21;25
2525;4;11;17;22;25
2526;4;11;18;22;25
2527;4;12;16;20;23
2528;4;12;16;20;24
2529;4;12;16;20;25
2530;4;12;16;21;24
2531;4;12;16;21;25
2532;4;12;16;22;25
2533;4;12;17;21;24
2534;4;12;17;21;25
2535;4;12;17;22;25
2536;4;12;18;22;25
2537;4;13;17;21;24
2538;4;13;17;21;25
2539;4;13;17;22;25
2540;4;13;18;22;25
2541;4;14;18;22;25
2542;5;8;12;16;19
2543;5;8;12;16;20
2544;5;8;12;16;21
2545;5;8;12;16;22
2546;5;8;12;16;23
2547;5;8;12;16;24
2548;5;8;12;16;25
2549;5;8;12;17;20
2550;5;8;12;17;21
2551;5;8;12;17;22
2552;5;8;12;17;23
2553;5;8;12;17;24
2554;5;8;12;17;25
2555;5;8;12;18;21
2556;5;8;12;18;22
2557;5;8;12;18;23
2558;5;8;12;18;24
2559;5;8;12;18;25
2560;5;8;12;19;22
2561;5;8;12;19;23
2562;5;8;12;19;24
2563;5;8;12;19;25
2564;5;8;12;20;23
2565;5;8;12;20;24
2566;5;8;12;20;25
2567;5;8;12;21;24
2568;5;8;12;21;25
2569;5;8;12;22;25
2570;5;8;13;17;20
2571;5;8;13;17;21
2572;5;8;13;17;22
2573;5;8;13;17;23
2574;5;8;13;17;24
2575;5;8;13;17;25
2576;5;8;13;18;21
2577;5;8;13;18;22
2578;5;8;13;18;23
2579;5;8;13;18;24
2580;5;8;13;18;25
2581;5;8;13;19;22
2582;5;8;13;19;23
2583;5;8;13;19;24
2584;5;8;13;19;25
2585;5;8;13;20;23
2586;5;8;13;20;24
2587;5;8;13;20;25
2588;5;8;13;21;24
2589;5;8;13;21;25
2590;5;8;13;22;25
2591;5;8;14;18;21
2592;5;8;14;18;22
2593;5;8;14;18;23
2594;5;8;14;18;24
2595;5;8;14;18;25
2596;5;8;14;19;22
2597;5;8;14;19;23
2598;5;8;14;19;24
2599;5;8;14;19;25
2600;5;8;14;20;23
2601;5;8;14;20;24
2602;5;8;14;20;25
2603;5;8;14;21;24
2604;5;8;14;21;25
2605;5;8;14;22;25
2606;5;8;15;19;22
2607;5;8;15;19;23
2608;5;8;15;19;24
2609;5;8;15;19;25
2610;5;8;15;20;23
2611;5;8;15;20;24
2612;5;8;15;20;25
2613;5;8;15;21;24
2614;5;8;15;21;25
2615;5;8;15;22;25
2616;5;8;16;20;23
2617;5;8;16;20;24
2618;5;8;16;20;25
2619;5;8;16;21;24
2620;5;8;16;21;25
2621;5;8;16;22;25
2622;5;8;17;21;24
2623;5;8;17;21;25
2624;5;8;17;22;25
2625;5;8;18;22;25
2626;5;9;13;17;20
2627;5;9;13;17;21
2628;5;9;13;17;22
2629;5;9;13;17;23
2630;5;9;13;17;24
2631;5;9;13;17;25
2632;5;9;13;18;21
2633;5;9;13;18;22
2634;5;9;13;18;23
2635;5;9;13;18;24
2636;5;9;13;18;25
2637;5;9;13;19;22
2638;5;9;13;19;23
2639;5;9;13;19;24
2640;5;9;13;19;25
2641;5;9;13;20;23
2642;5;9;13;20;24
2643;5;9;13;20;25
2644;5;9;13;21;24
2645;5;9;13;21;25
2646;5;9;13;22;25
2647;5;9;14;18;21
2648;5;9;14;18;22
2649;5;9;14;18;23
2650;5;9;14;18;24
2651;5;9;14;18;25
2652;5;9;14;19;22
2653;5;9;14;19;23
2654;5;9;14;19;24
2655;5;9;14;19;25
2656;5;9;14;20;23
2657;5;9;14;20;24
2658;5;9;14;20;25
2659;5;9;14;21;24
2660;5;9;14;21;25
2661;5;9;14;22;25
2662;5;9;15;19;22
2663;5;9;15;19;23
2664;5;9;15;19;24
2665;5;9;15;19;25
2666;5;9;15;20;23
2667;5;9;15;20;24
2668;5;9;15;20;25
2669;5;9;15;21;24
2670;5;9;15;21;25
2671;5;9;15;22;25
2672;5;9;16;20;23
2673;5;9;16;20;24
2674;5;9;16;20;25
2675;5;9;16;21;24
2676;5;9;16;21;25
2677;5;9;16;22;25
2678;5;9;17;21;24
2679;5;9;17;21;25
2680;5;9;17;22;25
2681;5;9;18;22;25
2682;5;10;14;18;21
2683;5;10;14;18;22
2684;5;10;14;18;23
2685;5;10;14;18;24
2686;5;10;14;18;25
2687;5;10;14;19;22
2688;5;10;14;19;23
2689;5;10;14;19;24
2690;5;10;14;19;25
2691;5;10;14;20;23
2692;5;10;14;20;24
2693;5;10;14;20;25
2694;5;10;14;21;24
2695;5;10;14;21;25
2696;5;10;14;22;25
2697;5;10;15;19;22
2698;5;10;15;19;23
2699;5;10;15;19;24
2700;5;10;15;19;25
2701;5;10;15;20;23
2702;5;10;15;20;24
2703;5;10;15;20;25
2704;5;10;15;21;24
2705;5;10;15;21;25
2706;5;10;15;22;25
2707;5;10;16;20;23
2708;5;10;16;20;24
2709;5;10;16;20;25
2710;5;10;16;21;24
2711;5;10;16;21;25
2712;5;10;16;22;25
2713;5;10;17;21;24
2714;5;10;17;21;25
2715;5;10;17;22;25
2716;5;10;18;22;25
2717;5;11;15;19;22
2718;5;11;15;19;23
2719;5;11;15;19;24
2720;5;11;15;19;25
2721;5;11;15;20;23
2722;5;11;15;20;24
2723;5;11;15;20;25
2724;5;11;15;21;24
2725;5;11;15;21;25
2726;5;11;15;22;25
2727;5;11;16;20;23
2728;5;11;16;20;24
2729;5;11;16;20;25
2730;5;11;16;21;24
2731;5;11;16;21;25
2732;5;11;16;22;25
2733;5;11;17;21;24
2734;5;11;17;21;25
2735;5;11;17;22;25
2736;5;11;18;22;25
2737;5;12;16;20;23
2738;5;12;16;20;24
2739;5;12;16;20;25
2740;5;12;16;21;24
2741;5;12;16;21;25
2742;5;12;16;22;25
2743;5;12;17;21;24
2744;5;12;17;21;25
2745;5;12;17;22;25
2746;5;12;18;22;25
2747;5;13;17;21;24
2748;5;13;17;21;25
2749;5;13;17;22;25
2750;5;13;18;22;25
2751;5;14;18;22;25
2752;6;9;13;17;20
2753;6;9;13;17;21
2754;6;9;13;17;22
2755;6;9;13;17;23
2756;6;9;13;17;24
2757;6;9;13;17;25
2758;6;9;13;18;21
2759;6;9;13;18;22
2760;6;9;13;18;23
2761;6;9;13;18;24
2762;6;9;13;18;25
2763;6;9;13;19;22
2764;6;9;13;19;23
2765;6;9;13;19;24
2766;6;9;13;19;25
2767;6;9;13;20;23
2768;6;9;13;20;24
2769;6;9;13;20;25
2770;6;9;13;21;24
2771;6;9;13;21;25
2772;6;9;13;22;25
2773;6;9;14;18;21
2774;6;9;14;18;22
2775;6;9;14;18;23
2776;6;9;14;18;24
2777;6;9;14;18;25
2778;6;9;14;19;22
2779;6;9;14;19;23
2780;6;9;14;19;24
2781;6;9;14;19;25
2782;6;9;14;20;23
2783;6;9;14;20;24
2784;6;9;14;20;25
2785;6;9;14;21;24
2786;6;9;14;21;25
2787;6;9;14;22;25
2788;6;9;15;19;22
2789;6;9;15;19;23
2790;6;9;15;19;24
2791;6;9;15;19;25
2792;6;9;15;20;23
2793;6;9;15;20;24
2794;6;9;15;20;25
2795;6;9;15;21;24
2796;6;9;15;21;25
2797;6;9;15;22;25
2798;6;9;16;20;23
2799;6;9;16;20;24
2800;6;9;16;20;25
2801;6;9;16;21;24
2802;6;9;16;21;25
2803;6;9;16;22;25
2804;6;9;17;21;24
2805;6;9;17;21;25
2806;6;9;17;22;25
2807;6;9;18;22;25
2808;6;10;14;18;21
2809;6;10;14;18;22
2810;6;10;14;18;23
2811;6;10;14;18;24
2812;6;10;14;18;25
2813;6;10;14;19;22
2814;6;10;14;19;23
2815;6;10;14;19;24
2816;6;10;14;19;25
2817;6;10;14;20;23
2818;6;10;14;20;24
2819;6;10;14;20;25
2820;6;10;14;21;24
2821;6;10;14;21;25
2822;6;10;14;22;25
2823;6;10;15;19;22
2824;6;10;15;19;23
2825;6;10;15;19;24
2826;6;10;15;19;25
2827;6;10;15;20;23
2828;6;10;15;20;24
2829;6;10;15;20;25
2830;6;10;15;21;24
2831;6;10;15;21;25
2832;6;10;15;22;25
2833;6;10;16;20;23
2834;6;10;16;20;24
2835;6;10;16;20;25
2836;6;10;16;21;24
2837;6;10;16;21;25
2838;6;10;16;22;25
2839;6;10;17;21;24
2840;6;10;17;21;25
2841;6;10;17;22;25
2842;6;10;18;22;25
2843;6;11;15;19;22
2844;6;11;15;19;23
2845;6;11;15;19;24
2846;6;11;15;19;25
2847;6;11;15;20;23
2848;6;11;15;20;24
2849;6;11;15;20;25
2850;6;11;15;21;24
2851;6;11;15;21;25
2852;6;11;15;22;25
2853;6;11;16;20;23
2854;6;11;16;20;24
2855;6;11;16;20;25
2856;6;11;16;21;24
2857;6;11;16;21;25
2858;6;11;16;22;25
2859;6;11;17;21;24
2860;6;11;17;21;25
2861;6;11;17;22;25
2862;6;11;18;22;25
2863;6;12;16;20;23
2864;6;12;16;20;24
2865;6;12;16;20;25
2866;6;12;16;21;24
2867;6;12;16;21;25
2868;6;12;16;22;25
2869;6;12;17;21;24
2870;6;12;17;21;25
2871;6;12;17;22;25
2872;6;12;18;22;25
2873;6;13;17;21;24
2874;6;13;17;21;25
2875;6;13;17;22;25
2876;6;13;18;22;25
2877;6;14;18;22;25
2878;7;10;14;18;21
2879;7;10;14;18;22
2880;7;10;14;18;23
2881;7;10;14;18;24
2882;7;10;14;18;25
2883;7;10;14;19;22
2884;7;10;14;19;23
2885;7;10;14;19;24
2886;7;10;14;19;25
2887;7;10;14;20;23
2888;7;10;14;20;24
2889;7;10;14;20;25
2890;7;10;14;21;24
2891;7;10;14;21;25
2892;7;10;14;22;25
2893;7;10;15;19;22
2894;7;10;15;19;23
2895;7;10;15;19;24
2896;7;10;15;19;25
2897;7;10;15;20;23
2898;7;10;15;20;24
2899;7;10;15;20;25
2900;7;10;15;21;24
2901;7;10;15;21;25
2902;7;10;15;22;25
2903;7;10;16;20;23
2904;7;10;16;20;24
2905;7;10;16;20;25
2906;7;10;16;21;24
2907;7;10;16;21;25
2908;7;10;16;22;25
2909;7;10;17;21;24
2910;7;10;17;21;25
2911;7;10;17;22;25
2912;7;10;18;22;25
2913;7;11;15;19;22
2914;7;11;15;19;23
2915;7;11;15;19;24
2916;7;11;15;19;25
2917;7;11;15;20;23
2918;7;11;15;20;24
2919;7;11;15;20;25
2920;7;11;15;21;24
2921;7;11;15;21;25
2922;7;11;15;22;25
2923;7;11;16;20;23
2924;7;11;16;20;24
2925;7;11;16;20;25
2926;7;11;16;21;24
2927;7;11;16;21;25
2928;7;11;16;22;25
2929;7;11;17;21;24
2930;7;11;17;21;25
2931;7;11;17;22;25
2932;7;11;18;22;25
2933;7;12;16;20;23
2934;7;12;16;20;24
2935;7;12;16;20;25
2936;7;12;16;21;24
2937;7;12;16;21;25
2938;7;12;16;22;25
2939;7;12;17;21;24
2940;7;12;17;21;25
2941;7;12;17;22;25
2942;7;12;18;22;25
2943;7;13;17;21;24
2944;7;13;17;21;25
2945;7;13;17;22;25
2946;7;13;18;22;25
2947;7;14;18;22;25
2948;8;11;15;19;22
2949;8;11;15;19;23
2950;8;11;15;19;24
2951;8;11;15;19;25
2952;8;11;15;20;23
2953;8;11;15;20;24
2954;8;11;15;20;25
2955;8;11;15;21;24
2956;8;11;15;21;25
2957;8;11;15;22;25
2958;8;11;16;20;23
2959;8;11;16;20;24
2960;8;11;16;20;25
2961;8;11;16;21;24
2962;8;11;16;21;25
2963;8;11;16;22;25
2964;8;11;17;21;24
2965;8;11;17;21;25
2966;8;11;17;22;25
2967;8;11;18;22;25
2968;8;12;16;20;23
2969;8;12;16;20;24
2970;8;12;16;20;25
2971;8;12;16;21;24
2972;8;12;16;21;25
2973;8;12;16;22;25
2974;8;12;17;21;24
2975;8;12;17;21;25
2976;8;12;17;22;25
2977;8;12;18;22;25
2978;8;13;17;21;24
2979;8;13;17;21;25
2980;8;13;17;22;25
2981;8;13;18;22;25
2982;8;14;18;22;25
2983;9;12;16;20;23
2984;9;12;16;20;24
2985;9;12;16;20;25
2986;9;12;16;21;24
2987;9;12;16;21;25
2988;9;12;16;22;25
2989;9;12;17;21;24
2990;9;12;17;21;25
2991;9;12;17;22;25
2992;9;12;18;22;25
2993;9;13;17;21;24
2994;9;13;17;21;25
2995;9;13;17;22;25
2996;9;13;18;22;25
2997;9;14;18;22;25
2998;10;13;17;21;24
2999;10;13;17;21;25
3000;10;13;17;22;25
3001;10;13;18;22;25
3002;10;14;18;22;25
3003;11;14;18;22;25
